Cadence Genus(TM) Synthesis Solution.
Copyright 2025 Cadence Design Systems, Inc. All rights reserved worldwide.
Cadence and the Cadence logo are registered trademarks and Genus is a trademark
of Cadence Design Systems, Inc. in the United States and other countries.

[13:56:47.481745] Configured Lic search path (25.01-s002): 5280@ece-cadence-lic.ece.uidaho.edu

Version: 25.12-s067_1, built Mon Nov 17 13:10:10 PST 2025
Options: 
Date:    Fri Feb 20 13:56:47 2026
Host:    engr-r940s01.engr.uidaho.edu (x86_64 w/Linux 5.14.0-611.16.1.el9_7.x86_64) (20cores*80cpus*4physical cpus*Intel(R) Xeon(R) Gold 6148 CPU @ 2.40GHz 28160KB) (1056118652KB)
PID:     2374498
OS:      Red Hat Enterprise Linux 9.7 (Plow)

Checking out license: Genus_Synthesis
[13:56:47.001891] Periodic Lic check successful
[13:56:47.526203] Feature usage summary:
[13:56:47.526208] Genus_Synthesis  
License checkout complete (0 seconds elapsed).


***********************************************************************************************************
***********************************************************************************************************



Finished executable startup (15 seconds elapsed).

Loading tool scripts...
Finished loading tool scripts (34 seconds elapsed).

@genus:root: 1> source ../scripts/genus.
File '../scripts/genus.' does not exist.
@genus:root: 2> source ../scripts/genus.tcl
Sourcing '../scripts/genus.tcl' (Fri Feb 20 13:57:59 PST 2026)...
#@ Begin verbose source ../scripts/genus.tcl
@file(genus.tcl) 6: set RTL_PATH		"../sources/"
@file(genus.tcl) 8: set LIB_PATH 		"../lib/"
@file(genus.tcl) 11: set LEF_PATH		"../lef/scaled/"
@file(genus.tcl) 13: set TLEF_PATH		"../techlef/"
@file(genus.tcl) 15: set QRC_PATH 		"../qrc/"
@file(genus.tcl) 17: set DESIGN 		"sha256"
@file(genus.tcl) 22: set LIB_LIST {  asap7sc7p5t_AO_LVT_TT_nldm_211120.lib   asap7sc7p5t_INVBUF_LVT_TT_nldm_220122.lib   asap7sc7p5t_OA_LVT_TT_nldm_211120.lib   asap7sc7p5t_SEQ_LVT_TT_nldm_220123.lib   asap7sc7p5t_SIMPLE_LVT_TT_nldm_211120.lib }
@file(genus.tcl) 25: set LEF_LIST { asap7_tech_4x_201209.lef asap7sc7p5t_28_L_4x_220121a.lef asap7sc7p5t_28_R_4x_220121a.lef asap7sc7p5t_28_SL_4x_220121a.lef}
@file(genus.tcl) 27: set QRC_FILE "qrcTechFile_typ03_scaled4xV06"
@file(genus.tcl) 31: set RTL_LIST {sha256.v sha256_core.v sha256_k_constants.v sha256_w_mem.v}
@file(genus.tcl) 36: set_db init_lib_search_path "$LIB_PATH $LEF_PATH $TLEF_PATH"
  Setting attribute of root '/': 'init_lib_search_path' = ../lib/ ../lef/scaled/ ../techlef/
@file(genus.tcl) 37: set_db init_hdl_search_path $RTL_PATH 
  Setting attribute of root '/': 'init_hdl_search_path' = ../sources/
@file(genus.tcl) 38: set_db / .library "$LIB_LIST"
Info    : Created nominal operating condition. [LBR-412]
        : Operating condition '_nominal_' was created for the PVT values (1.000000, 0.700000, 25.000000) in library 'asap7sc7p5t_AO_LVT_TT_nldm_211120.lib'.
        : The nominal operating condition is represented, either by the nominal PVT values specified in the library source (via nom_process,nom_voltage and nom_temperature respectively), or by the default PVT values (1.0,1.0,1.0).
Info    : Created nominal operating condition. [LBR-412]
        : Operating condition '_nominal_' was created for the PVT values (1.000000, 0.700000, 25.000000) in library 'asap7sc7p5t_INVBUF_LVT_TT_nldm_220122.lib'.
Info    : Created nominal operating condition. [LBR-412]
        : Operating condition '_nominal_' was created for the PVT values (1.000000, 0.700000, 25.000000) in library 'asap7sc7p5t_OA_LVT_TT_nldm_211120.lib'.
Info    : Created nominal operating condition. [LBR-412]
        : Operating condition '_nominal_' was created for the PVT values (1.000000, 0.700000, 25.000000) in library 'asap7sc7p5t_SEQ_LVT_TT_nldm_220123.lib'.
Info    : Created nominal operating condition. [LBR-412]
        : Operating condition '_nominal_' was created for the PVT values (1.000000, 0.700000, 25.000000) in library 'asap7sc7p5t_SIMPLE_LVT_TT_nldm_211120.lib'.
  Setting attribute of root '/': 'library' =   asap7sc7p5t_AO_LVT_TT_nldm_211120.lib   asap7sc7p5t_INVBUF_LVT_TT_nldm_220122.lib   asap7sc7p5t_OA_LVT_TT_nldm_211120.lib   asap7sc7p5t_SEQ_LVT_TT_nldm_220123.lib   asap7sc7p5t_SIMPLE_LVT_TT_nldm_211120.lib 
@file(genus.tcl) 39: set_db lef_library "$LEF_LIST"
Info    : Via with no resistance will have a value of '0.0' assigned for resistance value. [PHYS-129]
        : Via 'VIA9Pad' has no resistance value.
        : If this is the expected behavior, this message can be ignored.
Info    : Via with no resistance will have a value of '0.0' assigned for resistance value. [PHYS-129]
        : Via 'VIA89' has no resistance value.
Info    : Via with no resistance will have a value of '0.0' assigned for resistance value. [PHYS-129]
        : Via 'VIA78' has no resistance value.
Info    : Via with no resistance will have a value of '0.0' assigned for resistance value. [PHYS-129]
        : Via 'VIA67' has no resistance value.
Info    : Via with no resistance will have a value of '0.0' assigned for resistance value. [PHYS-129]
        : Via 'VIA56' has no resistance value.
Info    : Via with no resistance will have a value of '0.0' assigned for resistance value. [PHYS-129]
        : Via 'VIA45' has no resistance value.
Info    : Via with no resistance will have a value of '0.0' assigned for resistance value. [PHYS-129]
        : Via 'VIA34' has no resistance value.
Info    : Via with no resistance will have a value of '0.0' assigned for resistance value. [PHYS-129]
        : Via 'VIA23' has no resistance value.
Info    : Via with no resistance will have a value of '0.0' assigned for resistance value. [PHYS-129]
        : Via 'VIA12' has no resistance value.
Warning : Site already defined before, duplicated site will be ignored. [PHYS-106]
        : Site 'asap7sc7p5t' read already, this site in file '/home/zabideen/ASIC_Projects/tutorial_genus/run/../lef/scaled//asap7sc7p5t_28_R_4x_220121a.lef' is ignored.
Warning : Site already defined before, duplicated site will be ignored. [PHYS-106]
        : Site 'asap7sc7p5t' read already, this site in file '/home/zabideen/ASIC_Projects/tutorial_genus/run/../lef/scaled//asap7sc7p5t_28_SL_4x_220121a.lef' is ignored.

  According to lef_library, there are total 10 routing layers [ V(5) / H(5) ]

Warning : Missing wire parameter. [PHYS-15]
        : 'EDGECAPACITANCE' parameter is missing for layer 'M1' [line 144 in file /home/zabideen/ASIC_Projects/tutorial_genus/run/../techlef//asap7_tech_4x_201209.lef]
        : Check the wire parameter in LEF technology files.
Warning : Missing wire parameter. [PHYS-15]
        : 'EDGECAPACITANCE' parameter is missing for layer 'M2' [line 215 in file /home/zabideen/ASIC_Projects/tutorial_genus/run/../techlef//asap7_tech_4x_201209.lef]
Warning : Missing wire parameter. [PHYS-15]
        : 'EDGECAPACITANCE' parameter is missing for layer 'M3' [line 279 in file /home/zabideen/ASIC_Projects/tutorial_genus/run/../techlef//asap7_tech_4x_201209.lef]
Warning : Missing wire parameter. [PHYS-15]
        : 'EDGECAPACITANCE' parameter is missing for layer 'M4' [line 375 in file /home/zabideen/ASIC_Projects/tutorial_genus/run/../techlef//asap7_tech_4x_201209.lef]
Warning : Missing wire parameter. [PHYS-15]
        : 'EDGECAPACITANCE' parameter is missing for layer 'M5' [line 476 in file /home/zabideen/ASIC_Projects/tutorial_genus/run/../techlef//asap7_tech_4x_201209.lef]
Warning : Missing wire parameter. [PHYS-15]
        : 'EDGECAPACITANCE' parameter is missing for layer 'M6' [line 581 in file /home/zabideen/ASIC_Projects/tutorial_genus/run/../techlef//asap7_tech_4x_201209.lef]
Warning : Missing wire parameter. [PHYS-15]
        : 'EDGECAPACITANCE' parameter is missing for layer 'M7' [line 679 in file /home/zabideen/ASIC_Projects/tutorial_genus/run/../techlef//asap7_tech_4x_201209.lef]
Warning : Missing wire parameter. [PHYS-15]
        : 'EDGECAPACITANCE' parameter is missing for layer 'M8' [line 707 in file /home/zabideen/ASIC_Projects/tutorial_genus/run/../techlef//asap7_tech_4x_201209.lef]
Warning : Missing wire parameter. [PHYS-15]
        : 'EDGECAPACITANCE' parameter is missing for layer 'M9' [line 734 in file /home/zabideen/ASIC_Projects/tutorial_genus/run/../techlef//asap7_tech_4x_201209.lef]
Warning : Missing wire parameter. [PHYS-15]
        : 'EDGECAPACITANCE' parameter is missing for layer 'Pad' [line 761 in file /home/zabideen/ASIC_Projects/tutorial_genus/run/../techlef//asap7_tech_4x_201209.lef]
Warning : Missing wire parameter. [PHYS-15]
        : 'CPERSQDIST' parameter is missing for layer 'M1' [line 144 in file /home/zabideen/ASIC_Projects/tutorial_genus/run/../techlef//asap7_tech_4x_201209.lef]
Warning : Missing wire parameter. [PHYS-15]
        : 'CPERSQDIST' parameter is missing for layer 'M2' [line 215 in file /home/zabideen/ASIC_Projects/tutorial_genus/run/../techlef//asap7_tech_4x_201209.lef]
Warning : Missing wire parameter. [PHYS-15]
        : 'CPERSQDIST' parameter is missing for layer 'M3' [line 279 in file /home/zabideen/ASIC_Projects/tutorial_genus/run/../techlef//asap7_tech_4x_201209.lef]
Warning : Missing wire parameter. [PHYS-15]
        : 'CPERSQDIST' parameter is missing for layer 'M4' [line 375 in file /home/zabideen/ASIC_Projects/tutorial_genus/run/../techlef//asap7_tech_4x_201209.lef]
Warning : Missing wire parameter. [PHYS-15]
        : 'CPERSQDIST' parameter is missing for layer 'M5' [line 476 in file /home/zabideen/ASIC_Projects/tutorial_genus/run/../techlef//asap7_tech_4x_201209.lef]
Warning : Missing wire parameter. [PHYS-15]
        : 'CPERSQDIST' parameter is missing for layer 'M6' [line 581 in file /home/zabideen/ASIC_Projects/tutorial_genus/run/../techlef//asap7_tech_4x_201209.lef]
Warning : Missing wire parameter. [PHYS-15]
        : 'CPERSQDIST' parameter is missing for layer 'M7' [line 679 in file /home/zabideen/ASIC_Projects/tutorial_genus/run/../techlef//asap7_tech_4x_201209.lef]
Warning : Missing wire parameter. [PHYS-15]
        : 'CPERSQDIST' parameter is missing for layer 'M8' [line 707 in file /home/zabideen/ASIC_Projects/tutorial_genus/run/../techlef//asap7_tech_4x_201209.lef]
Warning : Missing wire parameter. [PHYS-15]
        : 'CPERSQDIST' parameter is missing for layer 'M9' [line 734 in file /home/zabideen/ASIC_Projects/tutorial_genus/run/../techlef//asap7_tech_4x_201209.lef]
Warning : Missing wire parameter. [PHYS-15]
        : 'CPERSQDIST' parameter is missing for layer 'Pad' [line 761 in file /home/zabideen/ASIC_Projects/tutorial_genus/run/../techlef//asap7_tech_4x_201209.lef]
Warning : Maximum message print count reached. [MESG-11]
        : Maximum print count of '20' reached for message 'PHYS-15'.
Warning : The variant range of wire parameters is too large. An example of wire parameters are, a WIDTH for layer, PITCH for layer, MINSPACING for layers, etc. [PHYS-12]
        : The variant range (0.072, 8) of 'WIDTH' for layers 'M3' and 'Pad' is too large.
        : Check the consistency of the parameters, and see if you can ignore this message or you're using different LEF file with wrong parameters.
Warning : The value of the wire parameter is too big. [PHYS-13]
        : The 'WIDTH: 8' of layer 'Pad' is much bigger than others.
        : Check the consistency of the specified wire parameter.
Warning : The variant range of wire parameters is too large. An example of wire parameters are, a WIDTH for layer, PITCH for layer, MINSPACING for layers, etc. [PHYS-12]
        : The variant range (0.144, 16) of 'PITCH' for layers 'M1' and 'Pad' is too large.
Warning : The value of the wire parameter is too big. [PHYS-13]
        : The 'PITCH: 16' of layer 'Pad' is much bigger than others.
Warning : The variant range of wire parameters is too large. An example of wire parameters are, a WIDTH for layer, PITCH for layer, MINSPACING for layers, etc. [PHYS-12]
        : The variant range (0.012, 8) of 'OFFSET' for layers 'M4' and 'Pad' is too large.
Warning : The value of the wire parameter is too big. [PHYS-13]
        : The 'OFFSET: 8' of layer 'Pad' is much bigger than others.
Warning : The value of the wire parameter is too small. [PHYS-14]
        : The 'OFFSET: 0.012' of layer 'M4' is much less than others.
        : Check the consistency of the specified wire parameter.
Warning : The value of the wire parameter is too small. [PHYS-14]
        : The 'OFFSET: 0.012' of layer 'M4' is much less than others.
Warning : The value of the wire parameter is too small. [PHYS-14]
        : The 'OFFSET: 0.012' of layer 'M4' is much less than others.
Warning : The value of the wire parameter is too small. [PHYS-14]
        : The 'OFFSET: 0.012' of layer 'M4' is much less than others.
Warning : The variant range of wire parameters is too large. An example of wire parameters are, a WIDTH for layer, PITCH for layer, MINSPACING for layers, etc. [PHYS-12]
        : The variant range (0.072, 8) of 'MINSPACING' for layers 'M1' and 'Pad' is too large.
Warning : The value of the wire parameter is too big. [PHYS-13]
        : The 'MINSPACING: 8' of layer 'Pad' is much bigger than others.
Warning : Physical cell not defined in library. [PHYS-279]
        : The physical (LEF) cell DECAPx10_ASAP7_75t_L cannot be found in library.
        : Ensure that the proper library files are available and have been imported.
Warning : Physical cell not defined in library. [PHYS-279]
        : The physical (LEF) cell DECAPx1_ASAP7_75t_L cannot be found in library.
Warning : Physical cell not defined in library. [PHYS-279]
        : The physical (LEF) cell DECAPx2_ASAP7_75t_L cannot be found in library.
Warning : Physical cell not defined in library. [PHYS-279]
        : The physical (LEF) cell DECAPx2b_ASAP7_75t_L cannot be found in library.
Warning : Physical cell not defined in library. [PHYS-279]
        : The physical (LEF) cell DECAPx4_ASAP7_75t_L cannot be found in library.
Warning : Physical cell not defined in library. [PHYS-279]
        : The physical (LEF) cell DECAPx6_ASAP7_75t_L cannot be found in library.
Warning : Physical cell not defined in library. [PHYS-279]
        : The physical (LEF) cell FILLER_ASAP7_75t_L cannot be found in library.
Warning : Physical cell not defined in library. [PHYS-279]
        : The physical (LEF) cell FILLERxp5_ASAP7_75t_L cannot be found in library.
Warning : Physical cell not defined in library. [PHYS-279]
        : The physical (LEF) cell TAPCELL_ASAP7_75t_L cannot be found in library.
Warning : Physical cell not defined in library. [PHYS-279]
        : The physical (LEF) cell TAPCELL_WITH_FILLER_ASAP7_75t_L cannot be found in library.
Warning : Physical cell not defined in library. [PHYS-279]
        : The physical (LEF) cell A2O1A1Ixp33_ASAP7_75t_R cannot be found in library.
Warning : Physical cell not defined in library. [PHYS-279]
        : The physical (LEF) cell A2O1A1O1Ixp25_ASAP7_75t_R cannot be found in library.
Warning : Physical cell not defined in library. [PHYS-279]
        : The physical (LEF) cell AND2x2_ASAP7_75t_R cannot be found in library.
Warning : Physical cell not defined in library. [PHYS-279]
        : The physical (LEF) cell AND2x4_ASAP7_75t_R cannot be found in library.
Warning : Physical cell not defined in library. [PHYS-279]
        : The physical (LEF) cell AND2x6_ASAP7_75t_R cannot be found in library.
Warning : Physical cell not defined in library. [PHYS-279]
        : The physical (LEF) cell AND3x1_ASAP7_75t_R cannot be found in library.
Warning : Physical cell not defined in library. [PHYS-279]
        : The physical (LEF) cell AND3x2_ASAP7_75t_R cannot be found in library.
Warning : Physical cell not defined in library. [PHYS-279]
        : The physical (LEF) cell AND3x4_ASAP7_75t_R cannot be found in library.
Warning : Physical cell not defined in library. [PHYS-279]
        : The physical (LEF) cell AND4x1_ASAP7_75t_R cannot be found in library.
Warning : Physical cell not defined in library. [PHYS-279]
        : The physical (LEF) cell AND4x2_ASAP7_75t_R cannot be found in library.
Warning : Maximum message print count reached. [MESG-11]
        : Maximum print count of '20' reached for message 'PHYS-279'.
  Setting attribute of root '/': 'lef_library' = /home/zabideen/ASIC_Projects/tutorial_genus/run/../techlef//asap7_tech_4x_201209.lef /home/zabideen/ASIC_Projects/tutorial_genus/run/../lef/scaled//asap7sc7p5t_28_L_4x_220121a.lef /home/zabideen/ASIC_Projects/tutorial_genus/run/../lef/scaled//asap7sc7p5t_28_R_4x_220121a.lef /home/zabideen/ASIC_Projects/tutorial_genus/run/../lef/scaled//asap7sc7p5t_28_SL_4x_220121a.lef
@file(genus.tcl) 40: set_db qrc_tech_file "$QRC_PATH/$QRC_FILE"
INFO (IMPEXT-7048): Generating auto layer map file.

INFO (IMPEXT-6188): Importing multi-corner technology file(s) for preRoute extraction...

INFO (IMPEXT-5003): /home/zabideen/ASIC_Projects/tutorial_genus/run/../qrc//qrcTechFile_typ03_scaled4xV06

INFO (IMPEXT-7048): Generating auto layer map file.

INFO (IMPEXT-6209): Completed (cpu: 4135124.000000 real: 4135124.000000)


  According to qrc_tech_file, there are total 10 routing layers [ V(5) / H(5) ]

  Setting attribute of root '/': 'qrc_tech_file' = /home/zabideen/ASIC_Projects/tutorial_genus/run/../qrc//qrcTechFile_typ03_scaled4xV06
@file(genus.tcl) 60: read_hdl ${RTL_LIST}
@file(genus.tcl) 63: elaborate $DESIGN
  Libraries have 167 usable logic and 23 usable sequential lib-cells.
Info    : Elaborating Design. [ELAB-1]
        : Elaborating top-level block 'sha256' from file '../sources/sha256.v'.
Info    : Done Elaborating Design. [ELAB-3]
        : Done elaborating 'sha256'.
Checking for source RTL...
Check completed for source RTL.
Running Unified Mux Engine Tricks...
Completed Unified Mux Engine Tricks

Stage: post_elab
-------------------------------------------------------
| Trick             | Accepts | Rejects | Runtime (s) | 
-------------------------------------------------------
| ume_constant_bmux |       0 |       0 |        0.00 | 
| ume_merge         |       0 |       0 |        0.00 | 
| ume_ssm           |       0 |       0 |        0.00 | 
| ume_cse           |       1 |       0 |        0.03 | 
| ume_shrink        |       0 |       0 |        0.00 | 
| ume_sweep         |       0 |       0 |        0.00 | 
| ume_constant_bmux |       0 |       0 |        0.00 | 
| ume_merge         |       0 |       0 |        0.00 | 
| ume_ssm           |       0 |       0 |        0.00 | 
| ume_cse           |       0 |       0 |        0.02 | 
| ume_shrink        |       0 |       0 |        0.00 | 
| ume_sweep         |       0 |       0 |        0.00 | 
-------------------------------------------------------
Starting optimize datapath shifters [v1.0] (stage: post_elab, startdef: sha256, recur: true)
Completed optimize datapath shifters (accepts: 0, rejects: 0, runtime: 0.000s)
Starting clip mux common data inputs [v1.0] (stage: post_elab, startdef: sha256, recur: true)
Completed clip mux common data inputs (accepts: 0, rejects: 0, runtime: 0.001s)
Starting clip the non-user hierarchies [v2.0] (stage: post_elab, startdef: sha256, recur: true)
Completed clip the non-user hierarchies (accepts: 0, rejects: 0, runtime: 0.000s)
Starting basic netlist cleanup [v1.0] (stage: post_elab, startdef: sha256, recur: true)
Completed basic netlist cleanup (accepts: 0, rejects: 0, runtime: 0.001s)

Stage: post_elab
--------------------------------------------------------------------
| Transform                      | Accepts | Rejects | Runtime (s) | 
--------------------------------------------------------------------
| hlo_optimize_datapath_shifters |       0 |       0 |        0.00 | 
| hlo_clip_mux_input             |       0 |       0 |        0.00 | 
| hlo_clip                       |       0 |       0 |        0.00 | 
| hlo_cleanup                    |       0 |       0 |        0.00 | 
--------------------------------------------------------------------
UM:   flow.cputime  flow.realtime  timing.setup.tns  timing.setup.wns  snapshot
UM:*                                                                   elaborate
@file(genus.tcl) 71: create_clock -name "clk" -period 1000 [get_ports clk]
@file(genus.tcl) 78: syn_generic
stamp 'PBS_Generic-Start' being created for table 'pbs_debug'

  Total Time (Wall) |  Stage Time (Wall)  |   % (Wall)   |    Date - Time     |  Memory   | Stage
--------------------+---------------------+--------------+--------------------+-----------+----------------------
 00:00:59(00:01:19) |  00:00:00(00:00:00) |   0.0(  0.0) |   13:58:09 (Feb20) |   1.07 GB | PBS_Generic-Start
--------------------+---------------------+--------------+--------------------+-----------+----------------------
Number of threads: 8 * 1   (id: pbs_debug, time_info v1.57)
Info: (*N*) indicates data that was populated from previously saved time_info database
Info: CPU time includes time of parent + longest thread

Stage: pre_early_cg
-----------------------------------------------
| Transform | Accepts | Rejects | Runtime (s) | 
-----------------------------------------------
-----------------------------------------------
Mapping ChipWare ICG instances in sha256
Found 0 unmapped ChipWare ICG instances
Mapped 0 of 0 ChipWare ICG instances
##Generic Timing Info: typical gate delay   19.6 ps   std_slew:    3.7 ps   std_load:  0.8 fF  for library domain _default_
Starting mux data reorder optimization [v1.0] (stage: pre_to_gen_setup, startdef: sha256, recur: true)
Completed mux data reorder optimization (accepts: 0, rejects: 0, runtime: 0.000s)

Stage: pre_to_gen_setup
-----------------------------------------------------
| Transform       | Accepts | Rejects | Runtime (s) | 
-----------------------------------------------------
| hlo_mux_reorder |       0 |       0 |        0.00 | 
-----------------------------------------------------
Running DP early constant propagation (netlist sha256)...
Running DP early redundancy removal
Completed DP early redundancy removal on sha256 (runtime = 0.0s)
Multi-threaded constant propagation [4|0] ...
...done running DP early constant propagation (2 seconds CPU time, 2 seconds wall time, netlist sha256).
Current PLE settings:

Aspect ratio        : 1.000
Shrink factor       : 1.000
Scale of res/length : 1.000
Scale of cap/length : 1.000
Net derating factor : 1.000
Thermal factor      : 1.000
Via Resistance      : 10.000 ohm (from qrc_tech_file)
Site size           : 1.224 um (from lef [tech+cell])

                                   Capacitance    
  Layer                             / Length           Data source:
Name        Direction Utilization  (pF/micron)         qrc_tech_file
--------------------------------------------------
lisd            V         0.00        0.000041    
m1              H         1.00        0.000051    
m2              V         1.00        0.000048    
m3              H         1.00        0.000044    
m4              V         1.00        0.000051    
m5              H         1.00        0.000052    
m6              V         1.00        0.000057    
m7              H         1.00        0.000048    
m8              V         1.00        0.000050    
m9              H         1.00        0.000198 ** 

** = 'm9' is dropped because its width (8) is too large (threshold 2)

                                    Resistance     
  Layer                              / Length           Data source:
Name        Direction Utilization  (ohm/micron)         qrc_tech_file
---------------------------------------------------
lisd            V         0.00        13.888889    
m1              H         1.00        16.955556    
m2              V         1.00        16.955556    
m3              H         1.00        11.744444    
m4              V         1.00        10.273666    
m5              H         1.00         7.259849    
m6              V         1.00         6.770644    
m7              H         1.00         5.201982    
m8              V         1.00         4.830952    
m9              H         1.00         0.078322 ** 

** = 'm9' is dropped because its width (8) is too large (threshold 2)

                                        Area       
  Layer                               / Length          Data source:
Name        Direction Utilization     (micron)          lef_library
---------------------------------------------------
M1              V         0.00         0.072000    
M2              H         1.00         0.072000    
M3              V         1.00         0.072000    
M4              H         1.00         0.096000    
M5              V         1.00         0.096000    
M6              H         1.00         0.128000    
M7              V         1.00         0.128000    
M8              H         1.00         0.160000    
M9              V         1.00         0.160000    
Pad             H         1.00         8.000000 ** 

** = 'Pad' is dropped because its width (8) is too large (threshold 2)

Info    : Synthesizing. [SYNTH-1]
        : Synthesizing 'sha256' to generic gates using 'medium' effort.
Running Synthesis Turbo Flow Version 4.
Info    : Partition Based Synthesis execution skipped. [PHYS-752]
        : Design size is less than the partition size '100000' for distributed generic optimization to kick in.
Starting mux data reorder optimization [v1.0] (stage: pre_to_gen_setup, startdef: sha256, recur: true)
Completed mux data reorder optimization (accepts: 0, rejects: 0, runtime: 0.015s)

Stage: pre_to_gen_setup
-----------------------------------------------------
| Transform       | Accepts | Rejects | Runtime (s) | 
-----------------------------------------------------
| hlo_mux_reorder |       0 |       0 |        0.01 | 
-----------------------------------------------------
Starting mux data reorder optimization [v1.0] (stage: post_to_gen_setup, startdef: sha256, recur: true)
Completed mux data reorder optimization (accepts: 0, rejects: 0, runtime: 0.000s)

Stage: post_to_gen_setup
-----------------------------------------------------
| Transform       | Accepts | Rejects | Runtime (s) | 
-----------------------------------------------------
| hlo_mux_reorder |       0 |       0 |        0.00 | 
-----------------------------------------------------
Current PLE settings:

Aspect ratio        : 1.000
Shrink factor       : 1.000
Scale of res/length : 1.000
Scale of cap/length : 1.000
Net derating factor : 1.000
Thermal factor      : 1.000
Via Resistance      : 10.000 ohm (from qrc_tech_file)
Site size           : 1.224 um (from lef [tech+cell])

                                   Capacitance    
  Layer                             / Length           Data source:
Name        Direction Utilization  (pF/micron)         qrc_tech_file
--------------------------------------------------
lisd            V         0.00        0.000041    
m1              H         1.00        0.000051    
m2              V         1.00        0.000048    
m3              H         1.00        0.000044    
m4              V         1.00        0.000051    
m5              H         1.00        0.000052    
m6              V         1.00        0.000057    
m7              H         1.00        0.000048    
m8              V         1.00        0.000050    
m9              H         1.00        0.000198 ** 

** = 'm9' is dropped because its width (8) is too large (threshold 2)

                                    Resistance     
  Layer                              / Length           Data source:
Name        Direction Utilization  (ohm/micron)         qrc_tech_file
---------------------------------------------------
lisd            V         0.00        13.888889    
m1              H         1.00        16.955556    
m2              V         1.00        16.955556    
m3              H         1.00        11.744444    
m4              V         1.00        10.273666    
m5              H         1.00         7.259849    
m6              V         1.00         6.770644    
m7              H         1.00         5.201982    
m8              V         1.00         4.830952    
m9              H         1.00         0.078322 ** 

** = 'm9' is dropped because its width (8) is too large (threshold 2)

                                        Area       
  Layer                               / Length          Data source:
Name        Direction Utilization     (micron)          lef_library
---------------------------------------------------
M1              V         0.00         0.072000    
M2              H         1.00         0.072000    
M3              V         1.00         0.072000    
M4              H         1.00         0.096000    
M5              V         1.00         0.096000    
M6              H         1.00         0.128000    
M7              V         1.00         0.128000    
M8              H         1.00         0.160000    
M9              V         1.00         0.160000    
Pad             H         1.00         8.000000 ** 

** = 'Pad' is dropped because its width (8) is too large (threshold 2)

Running Unified Mux Engine Tricks...
Completed Unified Mux Engine Tricks

Stage: pre_hlo_rtlopt
-----------------------------------------------
| Trick     | Accepts | Rejects | Runtime (s) | 
-----------------------------------------------
| ume_ssm   |       0 |       0 |        0.00 | 
| ume_sweep |       0 |       0 |        0.00 | 
| ume_share |       0 |       0 |        0.00 | 
-----------------------------------------------
Begin SDR optimization CTX_region 
No special hier is found 
End SDR optimization CTX_region 
Begin SDR optimization UME_region 
No special hier is found 
End SDR optimization UME_region 
Begin SDR optimization IMPL_BASED_region 
No special hier is found 
End SDR optimization IMPL_BASED_region 
Starting timing based select reordering [v1.0] (stage: pre_rtlopt, startdef: sha256, recur: true)
Completed timing based select reordering (accepts: 0, rejects: 0, runtime: 0.851s)
Starting recase case-box optimization [v1.0] (stage: pre_rtlopt, startdef: sha256, recur: true)
Completed recase case-box optimization (accepts: 0, rejects: 0, runtime: 0.058s)
Starting infer macro optimization [v1.0] (stage: pre_rtlopt, startdef: sha256, recur: true)
Completed infer macro optimization (accepts: 0, rejects: 30, runtime: 0.032s)
Starting decode mux sandwich optimization [v2.0] (stage: pre_rtlopt, startdef: sha256, recur: true)
Completed decode mux sandwich optimization (accepts: 0, rejects: 0, runtime: 0.000s)
Starting decode mux optimization [v1.0] (stage: pre_rtlopt, startdef: sha256, recur: true)
Completed decode mux optimization (accepts: 0, rejects: 0, runtime: 0.000s)
Starting chop wide muxes [v1.0] (stage: pre_rtlopt, startdef: sha256, recur: true)
Completed chop wide muxes (accepts: 0, rejects: 0, runtime: 0.001s)
Starting common data mux cascade opt [v1.0] (stage: pre_rtlopt, startdef: sha256, recur: true)
Completed common data mux cascade opt (accepts: 0, rejects: 0, runtime: 0.002s)
Starting mux input consolidation [v1.0] (stage: pre_rtlopt, startdef: sha256, recur: true)
Completed mux input consolidation (accepts: 0, rejects: 0, runtime: 0.004s)
Starting constant-data mux optimization [v1.0] (stage: pre_rtlopt, startdef: sha256, recur: true)
Completed constant-data mux optimization (accepts: 0, rejects: 0, runtime: 0.001s)
Starting chain-to-tree inequality transform [v2.0] (stage: pre_rtlopt, startdef: sha256, recur: true)
Completed chain-to-tree inequality transform (accepts: 0, rejects: 0, runtime: 0.037s)
Starting reconvergence optimization [v1.0] (stage: pre_rtlopt, startdef: sha256, recur: true)
Completed reconvergence optimization (accepts: 0, rejects: 0, runtime: 0.001s)
Starting logic restructure optimization [v1.0] (stage: pre_rtlopt, startdef: sha256, recur: true)
Completed logic restructure optimization (accepts: 0, rejects: 0, runtime: 0.011s)
Starting identity transform [v3.0] (stage: pre_rtlopt, startdef: sha256, recur: true)
Completed identity transform (accepts: 0, rejects: 0, runtime: 0.007s)
Starting reduce operator chain [v1.0] (stage: pre_rtlopt, startdef: sha256, recur: true)
Completed reduce operator chain (accepts: 0, rejects: 0, runtime: 0.000s)
Starting common data mux cascade opt [v1.0] (stage: pre_rtlopt, startdef: sha256, recur: true)
Completed common data mux cascade opt (accepts: 0, rejects: 0, runtime: 0.002s)
Starting mux input consolidation [v1.0] (stage: pre_rtlopt, startdef: sha256, recur: true)
Completed mux input consolidation (accepts: 0, rejects: 0, runtime: 0.004s)
Starting optimize datapath elements [v1.0] (stage: pre_rtlopt, startdef: sha256, recur: true)
Completed optimize datapath elements (accepts: 0, rejects: 0, runtime: 0.000s)
Starting datapath recasting [v1.0] (stage: pre_rtlopt, startdef: sha256, recur: true)
Completed datapath recasting (accepts: 0, rejects: 0, runtime: 0.001s)
Starting word-level redundancy removal [v1.0] (stage: pre_rtlopt, startdef: sha256, recur: true)
Word-level redundancy removal for def sha256 (round= 0, cands= 38, i/o= 17/31)
Word-level redundancy removal for def sha256 (round= 1, cands= 35, i/o= 16/28)
Word-level redundancy removal for def sha256 (round= 2, cands= 35, i/o= 16/28)
Word-level redundancy removal for def sha256 (round= 3, cands= 35, i/o= 16/28)
Word-level redundancy removal for def sha256_core (round= 0, cands= 67, i/o= 19/19)
Word-level redundancy removal for def sha256_core (round= 1, cands= 51, i/o= 19/17)
Word-level redundancy removal for def sha256_core (round= 2, cands= 51, i/o= 19/17)
Word-level redundancy removal for def sha256_core (round= 3, cands= 51, i/o= 19/17)
Word-level redundancy removal for def sha256_k_constants (round= 0, cands= 6, i/o= 7/6)
Word-level redundancy removal for def sha256_k_constants (round= 1, cands= 6, i/o= 7/6)
Word-level redundancy removal for def sha256_w_mem (round= 0, cands= 41, i/o= 12/11)
Word-level redundancy removal for def sha256_w_mem (round= 1, cands= 25, i/o= 12/10)
Word-level redundancy removal for def sha256_w_mem (round= 2, cands= 25, i/o= 12/10)
Word-level redundancy removal for def sha256_w_mem (round= 3, cands= 25, i/o= 12/10)
Completed word-level redundancy removal (accepts: 35, rejects: 12, runtime: 2.584s)
Starting clip mux common data inputs [v1.0] (stage: pre_rtlopt, startdef: sha256, recur: true)
Completed clip mux common data inputs (accepts: 0, rejects: 0, runtime: 0.001s)
Starting clip the non-user hierarchies [v2.0] (stage: pre_rtlopt, startdef: sha256, recur: true)
Completed clip the non-user hierarchies (accepts: 0, rejects: 0, runtime: 0.000s)
Starting basic netlist cleanup [v1.0] (stage: pre_rtlopt, startdef: sha256, recur: true)
Completed basic netlist cleanup (accepts: 0, rejects: 0, runtime: 0.001s)

Stage: pre_rtlopt
-----------------------------------------------------------------
| Transform                   | Accepts | Rejects | Runtime (s) | 
-----------------------------------------------------------------
| hlo_timing_reorder          |       0 |       0 |        0.85 | 
| hlo_recase_casebox          |       0 |       0 |        0.06 | 
| hlo_infer_macro             |       0 |      30 |        0.03 | 
| hlo_decode_mux_sandwich     |       0 |       0 |        0.00 | 
| hlo_mux_decode              |       0 |       0 |        0.00 | 
| hlo_chop_mux                |       0 |       0 |        0.00 | 
| hlo_mux_cascade_opt         |       0 |       0 |        0.00 | 
| hlo_mux_consolidation       |       0 |       0 |        0.00 | 
| hlo_constant_mux_opt        |       0 |       0 |        0.00 | 
| hlo_inequality_transform    |       0 |       0 |        0.04 | 
| hlo_reconv_opt              |       0 |       0 |        0.00 | 
| hlo_restructure             |       0 |       0 |        0.01 | 
| hlo_identity_transform      |       0 |       0 |        0.01 | 
| hlo_reduce_operator_chain   |       0 |       0 |        0.00 | 
| hlo_mux_cascade_opt         |       0 |       0 |        0.00 | 
| hlo_mux_consolidation       |       0 |       0 |        0.00 | 
| hlo_optimize_datapath       |       0 |       0 |        0.00 | 
| hlo_datapath_recast         |       0 |       0 |        0.00 | 
| hlo_redundancy_removal_word |      35 |      12 |        2.58 | 
| hlo_clip_mux_input          |       0 |       0 |        0.00 | 
| hlo_clip                    |       0 |       0 |        0.00 | 
| hlo_cleanup                 |       0 |       0 |        0.00 | 
-----------------------------------------------------------------
Running Unified Mux Engine Tricks...
Completed Unified Mux Engine Tricks

Stage: post_hlo_rtlopt
----------------------------------------------------------
| Trick                | Accepts | Rejects | Runtime (s) | 
----------------------------------------------------------
| ume_sweep_aggressive |       0 |       0 |        0.00 | 
| ume_runtime          |       0 |       0 |        0.00 | 
----------------------------------------------------------
Number of big hc bmuxes before = 0

==========================
 Sanity Check for PRE-DATAPATH 
==========================
                Boundary check : PASS (TOTAL:  135, PASS:  135, BREAK:    0, SKIPPED:    0)
     Hw code and builder check : PASS (TOTAL:    0, PASS:    0, BREAK:    0, SKIPPED:    0)
 PhaseTable connectivity check : PASS (TOTAL:   30, PASS:   30, BREAK:    0, SKIPPED:    0)
          Rebuildability check : PASS (TOTAL:   25, PASS:   25, BREAK:    0, SKIPPED:    0)
==========================

Info    : Pre-processed datapath logic. [DPOPT-6]
        : Pre-processing optimizations applied to datapath logic in 'sha256':
          sop(2) 

==========================
 Sanity Check for POST-PREPARE-NETLIST 
==========================
 PhaseTable connectivity check : PASS
==========================

Info    : Optimizing datapath logic. [DPOPT-1]
        : Optimizing datapath logic in 'sha256'.

==========================
 Sanity Check for POST-TIM-MODEL 
==========================
        Model conversion check : PASS (TOTAL:  136, PASS:  136, BREAK:    0, SKIPPED:    0)
==========================

Info    : Implementing datapath configurations. [DPOPT-3]
        : Implementing datapath configurations for 'CDN_DP_region_1_1'
  CSAGen Prep Share:0 Re-Write:0 Speculation: 0

CDN_DP_region_1_1 level = 0 loads = 0 drivers = 0
CDN_DP_region_1_1_c0 in sha256_core: area: 31960905 , DP = 1  sg = slow     
    wns: 0  norm_wns:  -1.0000 
    tns:  0
 skipped
CDN_DP_region_1_1_c1 in sha256_core: area: 31960905 , DP = 1  sg = fast     
    wns: 0  norm_wns:  -1.0000 
    tns:  0
 is current best
CDN_DP_region_1_1_c2 in sha256_core: area: 31960905 , DP = 1  sg = very_slow
    wns: 0  norm_wns:  -1.0000 
    tns:  0
 is current best
CDN_DP_region_1_1_c3 in sha256_core: area: 31960905 , DP = 1  sg = very_fast
    wns: 0  norm_wns:  -1.0000 
    tns:  0
 is current best
CDN_DP_region_1_1_c4 in sha256_core: area: 31960905 , DP = 1  sg = very_fast
    wns: 0  norm_wns:  -1.0000 
    tns:  0
 is current best
CDN_DP_region_1_1_c5 in sha256_core: area: 31960905 , DP = 1  sg = very_fast
    wns: 0  norm_wns:  -1.0000 
    tns:  0
 is current best
CDN_DP_region_1_1_c6 in sha256_core: area: 31960905 , DP = 1  sg = very_fast
    wns: 0  norm_wns:  -1.0000 
    tns:  0
 is current best
CDN_DP_region_1_1_c7 in sha256_core: area: 31960905 , DP = 1  sg = very_fast
    wns: 0  norm_wns:  -1.0000 
    tns:  0
 is current best
Best config: CDN_DP_region_1_1_c7 in sha256_core: area: 31960905 , DP = 1  sg = very_fast
    wns: 0  norm_wns:  -1.0000 
    tns:  0
  Smallest config area : 31960905.  Fastest config wns;  0
##>+----------------------------------------------------------------------------------------------------------------------------------------------------------------+
##>Summary table of configs (Best config is CDN_DP_region_1_1_c7)
##>+----------------------------------------------------------------------------------------------------------------------------------------------------------------+
##>                     0                  1                  2                  3                  4                  5                  6                  7            
##>+----------------------------------------------------------------------------------------------------------------------------------------------------------------+
##>           Area         31960905           31960905           31960905           31960905           31960905           31960905           31960905           31960905  
##>            WNS          +380.00            +380.00            +380.00            +380.00            +380.00            +380.00            +380.00            +380.00  
##>            TNS                0                  0                  0                  0                  0                  0                  0                  0  
##>    Num Rewrite                0                  0                  0                  0                  0                  0                  0                  0  
##>      Num Share                0                  0                  0                  0                  0                  0                  0                  0  
##>  Num Speculate                0                  0                  0                  0                  0                  0                  0                  0  
##>         Num DP                1                  1                  1                  1                  1                  1                  1                  1  
##>     Runtime(s)                0                  0                  0                  0                  0                  0                  0                  0  
+----------------------------------------------------------------------------------------------------------------------------------------------------------------+
##>
##>
##>+-----------------------------------------------------------------------------------------------------------------------------------------------------------------------------------------------------+
##>Optimization Step DEBUG Table for config CDN_DP_region_1_1_c7
##>
##>                          Step                        Area   (  % Chg)         WNS (Change)          TNS (Change)                Power   (  % Chg)        Runtime (s)        Comment                   
##>+-----------------------------------------------------------------------------------------------------------------------------------------------------------------------------------------------------+
##>EquationExtraction              START               31960905 (       )      380.00 (        )          0 (        )                    0 (       )              
##>                                  END               31960905 (  +0.00)      380.00 (   +0.00)          0 (       0)                    0 (  +0.00)           0  
##>createMaxCarrySave              START               31960905 (  +0.00)      380.00 (   +0.00)          0 (       0)                    0 (  +0.00)              
##> datapath_rewrite_one_def       START               31960905 (  +0.00)      380.00 (   +0.00)          0 (       0)                    0 (  +0.00)              
##>                                  END               31960905 (  +0.00)      380.00 (   +0.00)          0 (       0)                    0 (  +0.00)           0  
##> csa_opto                       START               31960905 (  +0.00)      380.00 (   +0.00)          0 (       0)                    0 (  +0.00)              
##>                                  END               31960905 (  +0.00)      380.00 (   +0.00)          0 (       0)                    0 (  +0.00)           0  
##>                                  END               31960905 (  +0.00)      380.00 (   +0.00)          0 (       0)                    0 (  +0.00)           0  
##>canonicalize_by_names           START               31960905 (  +0.00)      380.00 (   +0.00)          0 (       0)                    0 (  +0.00)              
##>                                  END               31960905 (  +0.00)      380.00 (   +0.00)          0 (       0)                    0 (  +0.00)           0  
##>datapath_rewrite_post_csa_one_  START               31960905 (  +0.00)      380.00 (   +0.00)          0 (       0)                    0 (  +0.00)              
##>                                  END               31960905 (  +0.00)      380.00 (   +0.00)          0 (       0)                    0 (  +0.00)           0  
##>datapath_csa_factoring_one_gde  START               31960905 (  +0.00)      380.00 (   +0.00)          0 (       0)                    0 (  +0.00)              
##>                                  END               31960905 (  +0.00)      380.00 (   +0.00)          0 (       0)                    0 (  +0.00)           0  
##>dpopt_share_one_def             START               31960905 (  +0.00)      380.00 (   +0.00)          0 (       0)                    0 (  +0.00)              
##>                                  END               31960905 (  +0.00)      380.00 (   +0.00)          0 (       0)                    0 (  +0.00)           0  
##>datapath_rewrite_post_share     START               31960905 (  +0.00)      380.00 (   +0.00)          0 (       0)                    0 (  +0.00)              
##>                                  END               31960905 (  +0.00)      380.00 (   +0.00)          0 (       0)                    0 (  +0.00)           0  
##>dp_combine_const_mult_with_com  START               31960905 (  +0.00)      380.00 (   +0.00)          0 (       0)                    0 (  +0.00)              
##>                                  END               31960905 (  +0.00)      380.00 (   +0.00)          0 (       0)                    0 (  +0.00)           0  
##>dp_operator_level_decompositio  START               31960905 (  +0.00)      380.00 (   +0.00)          0 (       0)                    0 (  +0.00)              
##>                                  END               31960905 (  +0.00)      380.00 (   +0.00)          0 (       0)                    0 (  +0.00)           0  
##>selective_flatten_dp_config     START               31960905 (  +0.00)      380.00 (   +0.00)          0 (       0)                    0 (  +0.00)              
##>                                  END               31960905 (  +0.00)      380.00 (   +0.00)          0 (       0)                    0 (  +0.00)           0  
##>createMaxCarrySave              START               31960905 (  +0.00)      380.00 (   +0.00)          0 (       0)                    0 (  +0.00)              
##> datapath_rewrite_one_def       START               31960905 (  +0.00)      380.00 (   +0.00)          0 (       0)                    0 (  +0.00)              
##>  fast_cse_elim                 START               31960905 (  +0.00)      380.00 (   +0.00)          0 (       0)                    0 (  +0.00)              
##>                                  END               31960905 (  +0.00)      380.00 (   +0.00)          0 (       0)                    0 (  +0.00)           0  
##>  fast_cse_elim                 START               31960905 (  +0.00)      380.00 (   +0.00)          0 (       0)                    0 (  +0.00)              
##>                                  END               31960905 (  +0.00)      380.00 (   +0.00)          0 (       0)                    0 (  +0.00)           0  
##>                                  END               31960905 (  +0.00)      380.00 (   +0.00)          0 (       0)                    0 (  +0.00)           0  
##> csa_opto                       START               31960905 (  +0.00)      380.00 (   +0.00)          0 (       0)                    0 (  +0.00)              
##>                                  END               31960905 (  +0.00)      380.00 (   +0.00)          0 (       0)                    0 (  +0.00)           0  
##>                                  END               31960905 (  +0.00)      380.00 (   +0.00)          0 (       0)                    0 (  +0.00)           0  
##>context_based_simplify          START               31960905 (  +0.00)      380.00 (   +0.00)          0 (       0)                    0 (  +0.00)              
##>                                  END               31960905 (  +0.00)      380.00 (   +0.00)          0 (       0)                    0 (  +0.00)           0  
##>group_csa_final_adder_dp        START               31960905 (  +0.00)      380.00 (   +0.00)          0 (       0)                    0 (  +0.00)              
##>                                  END               31960905 (  +0.00)      380.00 (   +0.00)          0 (       0)                    0 (  +0.00)           0  
##>dpopt_flatten_critical_muxes_i  START               31960905 (  +0.00)      380.00 (   +0.00)          0 (       0)                    0 (  +0.00)              
##>                                  END               31960905 (  +0.00)      380.00 (   +0.00)          0 (       0)                    0 (  +0.00)           0  
##>create_score                    START               31960905 (  +0.00)      380.00 (   +0.00)          0 (       0)                    0 (  +0.00)              
##>                                  END               31960905 (  +0.00)      380.00 (   +0.00)          0 (       0)                    0 (  +0.00)           0  
##>+-----------------------------------------------------------------------------------------------------------------------------------------------------------------------------------------------------+
Committed config: CDN_DP_region_1_1_c7
Info    : Done implementing datapath configurations. [DPOPT-4]
        : Selected 'very_fast' configuration 7 for module 'CDN_DP_region_1_1_c7'.
          Optimizations applied to 'very_fast' configuration:
            rewriting(0), factoring(0), sharing(0), cmultcse(0), downsizing(0), speculation(0)
Info    : Implementing datapath configurations. [DPOPT-3]
        : Implementing datapath configurations for 'CDN_DP_region_0_4'
  CSAGen Prep Share:0 Re-Write:0 Speculation: 0

CDN_DP_region_0_4 level = 0 loads = 0 drivers = 0
CDN_DP_region_0_4_c0 in sha256: area: 85229080 , DP = 1  sg = slow     
    wns: 0  norm_wns:  -1.0000 
    tns:  0
 skipped
CDN_DP_region_0_4_c1 in sha256: area: 63921810 , DP = 1  sg = fast     
    wns: 0  norm_wns:  -1.0000 
    tns:  0
 is current best
CDN_DP_region_0_4_c2 in sha256: area: 63921810 , DP = 1  sg = very_slow
    wns: 0  norm_wns:  -1.0000 
    tns:  0
 is current best
CDN_DP_region_0_4_c3 in sha256: area: 63921810 , DP = 1  sg = very_fast
    wns: 0  norm_wns:  -1.0000 
    tns:  0
 is current best
CDN_DP_region_0_4_c4 in sha256: area: 63921810 , DP = 1  sg = very_fast
    wns: 0  norm_wns:  -1.0000 
    tns:  0
 is current best
CDN_DP_region_0_4_c5 in sha256: area: 63921810 , DP = 1  sg = very_fast
    wns: 0  norm_wns:  -1.0000 
    tns:  0
 is current best
CDN_DP_region_0_4_c6 in sha256: area: 63921810 , DP = 1  sg = very_fast
    wns: 0  norm_wns:  -1.0000 
    tns:  0
 is current best
CDN_DP_region_0_4_c7 in sha256: area: 63921810 , DP = 1  sg = very_fast
    wns: 0  norm_wns:  -1.0000 
    tns:  0
 is current best
Best config: CDN_DP_region_0_4_c7 in sha256: area: 63921810 , DP = 1  sg = very_fast
    wns: 0  norm_wns:  -1.0000 
    tns:  0
  Smallest config area : 63921810.  Fastest config wns;  0
##>+----------------------------------------------------------------------------------------------------------------------------------------------------------------+
##>Summary table of configs (Best config is CDN_DP_region_0_4_c7)
##>+----------------------------------------------------------------------------------------------------------------------------------------------------------------+
##>                     0                  1                  2                  3                  4                  5                  6                  7            
##>+----------------------------------------------------------------------------------------------------------------------------------------------------------------+
##>           Area         85229080           63921810           63921810           63921810           63921810           63921810           63921810           63921810  
##>            WNS    +214748364.70      +214748364.70      +214748364.70      +214748364.70      +214748364.70      +214748364.70      +214748364.70      +214748364.70  
##>            TNS                0                  0                  0                  0                  0                  0                  0                  0  
##>    Num Rewrite                0                  0                  0                  0                  0                  0                  0                  0  
##>      Num Share                0                  0                  0                  0                  0                  0                  0                  0  
##>  Num Speculate                0                  0                  0                  0                  0                  0                  0                  0  
##>         Num DP                1                  1                  1                  1                  1                  1                  1                  1  
##>     Runtime(s)                0                  0                  0                  0                  0                  0                  0                  0  
+----------------------------------------------------------------------------------------------------------------------------------------------------------------+
##>
##>
##>+-----------------------------------------------------------------------------------------------------------------------------------------------------------------------------------------------------+
##>Optimization Step DEBUG Table for config CDN_DP_region_0_4_c7
##>
##>                          Step                        Area   (  % Chg)         WNS (Change)          TNS (Change)                Power   (  % Chg)        Runtime (s)        Comment                   
##>+-----------------------------------------------------------------------------------------------------------------------------------------------------------------------------------------------------+
##>EquationExtraction              START               85229080 (       )    214748364.70 (        )          0 (        )                    0 (       )              
##>                                  END               85229080 (  +0.00)    214748364.70 (   +0.00)          0 (       0)                    0 (  +0.00)           0  
##>createMaxCarrySave              START               85229080 (  +0.00)    214748364.70 (   +0.00)          0 (       0)                    0 (  +0.00)              
##> datapath_rewrite_one_def       START               85229080 (  +0.00)    214748364.70 (   +0.00)          0 (       0)                    0 (  +0.00)              
##>                                  END               85229080 (  +0.00)    214748364.70 (   +0.00)          0 (       0)                    0 (  +0.00)           0  
##> csa_opto                       START               85229080 (  +0.00)    214748364.70 (   +0.00)          0 (       0)                    0 (  +0.00)              
##>                                  END               85229080 (  +0.00)    214748364.70 (   +0.00)          0 (       0)                    0 (  +0.00)           0  
##>                                  END               85229080 (  +0.00)    214748364.70 (   +0.00)          0 (       0)                    0 (  +0.00)           0  
##>canonicalize_by_names           START               85229080 (  +0.00)    214748364.70 (   +0.00)          0 (       0)                    0 (  +0.00)              
##>                                  END               85229080 (  +0.00)    214748364.70 (   +0.00)          0 (       0)                    0 (  +0.00)           0  
##>datapath_rewrite_post_csa_one_  START               85229080 (  +0.00)    214748364.70 (   +0.00)          0 (       0)                    0 (  +0.00)              
##>                                  END               85229080 (  +0.00)    214748364.70 (   +0.00)          0 (       0)                    0 (  +0.00)           0  
##>datapath_csa_factoring_one_gde  START               85229080 (  +0.00)    214748364.70 (   +0.00)          0 (       0)                    0 (  +0.00)              
##>                                  END               85229080 (  +0.00)    214748364.70 (   +0.00)          0 (       0)                    0 (  +0.00)           0  
##>dpopt_share_one_def             START               85229080 (  +0.00)    214748364.70 (   +0.00)          0 (       0)                    0 (  +0.00)              
##>                                  END               85229080 (  +0.00)    214748364.70 (   +0.00)          0 (       0)                    0 (  +0.00)           0  
##>datapath_rewrite_post_share     START               85229080 (  +0.00)    214748364.70 (   +0.00)          0 (       0)                    0 (  +0.00)              
##>                                  END               85229080 (  +0.00)    214748364.70 (   +0.00)          0 (       0)                    0 (  +0.00)           0  
##>dp_combine_const_mult_with_com  START               85229080 (  +0.00)    214748364.70 (   +0.00)          0 (       0)                    0 (  +0.00)              
##>                                  END               85229080 (  +0.00)    214748364.70 (   +0.00)          0 (       0)                    0 (  +0.00)           0  
##>dp_operator_level_decompositio  START               85229080 (  +0.00)    214748364.70 (   +0.00)          0 (       0)                    0 (  +0.00)              
##>                                  END               85229080 (  +0.00)    214748364.70 (   +0.00)          0 (       0)                    0 (  +0.00)           0  
##>selective_flatten_dp_config     START               85229080 (  +0.00)    214748364.70 (   +0.00)          0 (       0)                    0 (  +0.00)              
##>                                  END               85229080 (  +0.00)    214748364.70 (   +0.00)          0 (       0)                    0 (  +0.00)           0  
##>createMaxCarrySave              START               85229080 (  +0.00)    214748364.70 (   +0.00)          0 (       0)                    0 (  +0.00)              
##> datapath_rewrite_one_def       START               85229080 (  +0.00)    214748364.70 (   +0.00)          0 (       0)                    0 (  +0.00)              
##>  fast_cse_elim                 START               85229080 (  +0.00)    214748364.70 (   +0.00)          0 (       0)                    0 (  +0.00)              
##>                                  END               85229080 (  +0.00)    214748364.70 (   +0.00)          0 (       0)                    0 (  +0.00)           0  
##>  fast_cse_elim                 START               85229080 (  +0.00)    214748364.70 (   +0.00)          0 (       0)                    0 (  +0.00)              
##>                                  END               85229080 (  +0.00)    214748364.70 (   +0.00)          0 (       0)                    0 (  +0.00)           0  
##>                                  END               85229080 (  +0.00)    214748364.70 (   +0.00)          0 (       0)                    0 (  +0.00)           0  
##> csa_opto                       START               85229080 (  +0.00)    214748364.70 (   +0.00)          0 (       0)                    0 (  +0.00)              
##>                                  END               85229080 (  +0.00)    214748364.70 (   +0.00)          0 (       0)                    0 (  +0.00)           0  
##>                                  END               85229080 (  +0.00)    214748364.70 (   +0.00)          0 (       0)                    0 (  +0.00)           0  
##>context_based_simplify          START               85229080 (  +0.00)    214748364.70 (   +0.00)          0 (       0)                    0 (  +0.00)              
##>                                  END               63921810 ( -25.00)    214748364.70 (   +0.00)          0 (       0)                    0 (  +0.00)           0  
##>group_csa_final_adder_dp        START               63921810 (  +0.00)    214748364.70 (   +0.00)          0 (       0)                    0 (  +0.00)              
##>                                  END               63921810 (  +0.00)    214748364.70 (   +0.00)          0 (       0)                    0 (  +0.00)           0  
##>dpopt_flatten_critical_muxes_i  START               63921810 (  +0.00)    214748364.70 (   +0.00)          0 (       0)                    0 (  +0.00)              
##>                                  END               63921810 (  +0.00)    214748364.70 (   +0.00)          0 (       0)                    0 (  +0.00)           0  
##>create_score                    START               63921810 (  +0.00)    214748364.70 (   +0.00)          0 (       0)                    0 (  +0.00)              
##>                                  END               63921810 (  +0.00)    214748364.70 (   +0.00)          0 (       0)                    0 (  +0.00)           0  
##>+-----------------------------------------------------------------------------------------------------------------------------------------------------------------------------------------------------+
Committed config: CDN_DP_region_0_4_c7
Info    : Done implementing datapath configurations. [DPOPT-4]
        : Selected 'very_fast' configuration 7 for module 'CDN_DP_region_0_4_c7'.
          Optimizations applied to 'very_fast' configuration:
            rewriting(0), factoring(0), sharing(0), cmultcse(0), downsizing(0), speculation(0)
Info    : Implementing datapath configurations. [DPOPT-3]
        : Implementing datapath configurations for 'CDN_DP_region_0_3'
  CSAGen Prep Share:0 Re-Write:0 Speculation: 0

CDN_DP_region_0_3 level = 0 loads = 0 drivers = 0
CDN_DP_region_0_3_c0 in sha256: area: 117189985 , DP = 1  sg = slow     
    wns: 0  norm_wns:  -1.0000 
    tns:  0
 skipped
CDN_DP_region_0_3_c1 in sha256: area: 85229080 , DP = 1  sg = fast     
    wns: 0  norm_wns:  -1.0000 
    tns:  0
 is current best
CDN_DP_region_0_3_c2 in sha256: area: 85229080 , DP = 1  sg = very_slow
    wns: 0  norm_wns:  -1.0000 
    tns:  0
 is current best
CDN_DP_region_0_3_c3 in sha256: area: 85229080 , DP = 1  sg = very_fast
    wns: 0  norm_wns:  -1.0000 
    tns:  0
 is current best
CDN_DP_region_0_3_c4 in sha256: area: 85229080 , DP = 1  sg = very_fast
    wns: 0  norm_wns:  -1.0000 
    tns:  0
 is current best
CDN_DP_region_0_3_c5 in sha256: area: 85229080 , DP = 1  sg = very_fast
    wns: 0  norm_wns:  -1.0000 
    tns:  0
 is current best
CDN_DP_region_0_3_c6 in sha256: area: 85229080 , DP = 1  sg = very_fast
    wns: 0  norm_wns:  -1.0000 
    tns:  0
 is current best
CDN_DP_region_0_3_c7 in sha256: area: 85229080 , DP = 1  sg = very_fast
    wns: 0  norm_wns:  -1.0000 
    tns:  0
 is current best
Best config: CDN_DP_region_0_3_c7 in sha256: area: 85229080 , DP = 1  sg = very_fast
    wns: 0  norm_wns:  -1.0000 
    tns:  0
  Smallest config area : 85229080.  Fastest config wns;  0
##>+----------------------------------------------------------------------------------------------------------------------------------------------------------------+
##>Summary table of configs (Best config is CDN_DP_region_0_3_c7)
##>+----------------------------------------------------------------------------------------------------------------------------------------------------------------+
##>                     0                  1                  2                  3                  4                  5                  6                  7            
##>+----------------------------------------------------------------------------------------------------------------------------------------------------------------+
##>           Area        117189985           85229080           85229080           85229080           85229080           85229080           85229080           85229080  
##>            WNS    +214748364.70      +214748364.70      +214748364.70      +214748364.70      +214748364.70      +214748364.70      +214748364.70      +214748364.70  
##>            TNS                0                  0                  0                  0                  0                  0                  0                  0  
##>    Num Rewrite                0                  0                  0                  0                  0                  0                  0                  0  
##>      Num Share                0                  0                  0                  0                  0                  0                  0                  0  
##>  Num Speculate                0                  0                  0                  0                  0                  0                  0                  0  
##>         Num DP                1                  1                  1                  1                  1                  1                  1                  1  
##>     Runtime(s)                0                  0                  0                  0                  0                  0                  0                  0  
+----------------------------------------------------------------------------------------------------------------------------------------------------------------+
##>
##>
##>+-----------------------------------------------------------------------------------------------------------------------------------------------------------------------------------------------------+
##>Optimization Step DEBUG Table for config CDN_DP_region_0_3_c7
##>
##>                          Step                        Area   (  % Chg)         WNS (Change)          TNS (Change)                Power   (  % Chg)        Runtime (s)        Comment                   
##>+-----------------------------------------------------------------------------------------------------------------------------------------------------------------------------------------------------+
##>EquationExtraction              START              117189985 (       )    214748364.70 (        )          0 (        )                    0 (       )              
##>                                  END              117189985 (  +0.00)    214748364.70 (   +0.00)          0 (       0)                    0 (  +0.00)           0  
##>createMaxCarrySave              START              117189985 (  +0.00)    214748364.70 (   +0.00)          0 (       0)                    0 (  +0.00)              
##> datapath_rewrite_one_def       START              117189985 (  +0.00)    214748364.70 (   +0.00)          0 (       0)                    0 (  +0.00)              
##>                                  END              117189985 (  +0.00)    214748364.70 (   +0.00)          0 (       0)                    0 (  +0.00)           0  
##> csa_opto                       START              117189985 (  +0.00)    214748364.70 (   +0.00)          0 (       0)                    0 (  +0.00)              
##>                                  END              117189985 (  +0.00)    214748364.70 (   +0.00)          0 (       0)                    0 (  +0.00)           0  
##>                                  END              117189985 (  +0.00)    214748364.70 (   +0.00)          0 (       0)                    0 (  +0.00)           0  
##>canonicalize_by_names           START              117189985 (  +0.00)    214748364.70 (   +0.00)          0 (       0)                    0 (  +0.00)              
##>                                  END              117189985 (  +0.00)    214748364.70 (   +0.00)          0 (       0)                    0 (  +0.00)           0  
##>datapath_rewrite_post_csa_one_  START              117189985 (  +0.00)    214748364.70 (   +0.00)          0 (       0)                    0 (  +0.00)              
##>                                  END              117189985 (  +0.00)    214748364.70 (   +0.00)          0 (       0)                    0 (  +0.00)           0  
##>datapath_csa_factoring_one_gde  START              117189985 (  +0.00)    214748364.70 (   +0.00)          0 (       0)                    0 (  +0.00)              
##>                                  END              117189985 (  +0.00)    214748364.70 (   +0.00)          0 (       0)                    0 (  +0.00)           0  
##>dpopt_share_one_def             START              117189985 (  +0.00)    214748364.70 (   +0.00)          0 (       0)                    0 (  +0.00)              
##>                                  END              117189985 (  +0.00)    214748364.70 (   +0.00)          0 (       0)                    0 (  +0.00)           0  
##>datapath_rewrite_post_share     START              117189985 (  +0.00)    214748364.70 (   +0.00)          0 (       0)                    0 (  +0.00)              
##>                                  END              117189985 (  +0.00)    214748364.70 (   +0.00)          0 (       0)                    0 (  +0.00)           0  
##>dp_combine_const_mult_with_com  START              117189985 (  +0.00)    214748364.70 (   +0.00)          0 (       0)                    0 (  +0.00)              
##>                                  END              117189985 (  +0.00)    214748364.70 (   +0.00)          0 (       0)                    0 (  +0.00)           0  
##>dp_operator_level_decompositio  START              117189985 (  +0.00)    214748364.70 (   +0.00)          0 (       0)                    0 (  +0.00)              
##>                                  END              117189985 (  +0.00)    214748364.70 (   +0.00)          0 (       0)                    0 (  +0.00)           0  
##>selective_flatten_dp_config     START              117189985 (  +0.00)    214748364.70 (   +0.00)          0 (       0)                    0 (  +0.00)              
##>                                  END              117189985 (  +0.00)    214748364.70 (   +0.00)          0 (       0)                    0 (  +0.00)           0  
##>createMaxCarrySave              START              117189985 (  +0.00)    214748364.70 (   +0.00)          0 (       0)                    0 (  +0.00)              
##> datapath_rewrite_one_def       START              117189985 (  +0.00)    214748364.70 (   +0.00)          0 (       0)                    0 (  +0.00)              
##>  fast_cse_elim                 START              117189985 (  +0.00)    214748364.70 (   +0.00)          0 (       0)                    0 (  +0.00)              
##>                                  END              117189985 (  +0.00)    214748364.70 (   +0.00)          0 (       0)                    0 (  +0.00)           0  
##>  fast_cse_elim                 START              117189985 (  +0.00)    214748364.70 (   +0.00)          0 (       0)                    0 (  +0.00)              
##>                                  END              117189985 (  +0.00)    214748364.70 (   +0.00)          0 (       0)                    0 (  +0.00)           0  
##>                                  END              117189985 (  +0.00)    214748364.70 (   +0.00)          0 (       0)                    0 (  +0.00)           0  
##> csa_opto                       START              117189985 (  +0.00)    214748364.70 (   +0.00)          0 (       0)                    0 (  +0.00)              
##>                                  END              117189985 (  +0.00)    214748364.70 (   +0.00)          0 (       0)                    0 (  +0.00)           0  
##>                                  END              117189985 (  +0.00)    214748364.70 (   +0.00)          0 (       0)                    0 (  +0.00)           0  
##>context_based_simplify          START              117189985 (  +0.00)    214748364.70 (   +0.00)          0 (       0)                    0 (  +0.00)              
##>                                  END               85229080 ( -27.27)    214748364.70 (   +0.00)          0 (       0)                    0 (  +0.00)           0  
##>group_csa_final_adder_dp        START               85229080 (  +0.00)    214748364.70 (   +0.00)          0 (       0)                    0 (  +0.00)              
##>                                  END               85229080 (  +0.00)    214748364.70 (   +0.00)          0 (       0)                    0 (  +0.00)           0  
##>dpopt_flatten_critical_muxes_i  START               85229080 (  +0.00)    214748364.70 (   +0.00)          0 (       0)                    0 (  +0.00)              
##>                                  END               85229080 (  +0.00)    214748364.70 (   +0.00)          0 (       0)                    0 (  +0.00)           0  
##>create_score                    START               85229080 (  +0.00)    214748364.70 (   +0.00)          0 (       0)                    0 (  +0.00)              
##>                                  END               85229080 (  +0.00)    214748364.70 (   +0.00)          0 (       0)                    0 (  +0.00)           0  
##>+-----------------------------------------------------------------------------------------------------------------------------------------------------------------------------------------------------+
Committed config: CDN_DP_region_0_3_c7
Info    : Done implementing datapath configurations. [DPOPT-4]
        : Selected 'very_fast' configuration 7 for module 'CDN_DP_region_0_3_c7'.
          Optimizations applied to 'very_fast' configuration:
            rewriting(0), factoring(0), sharing(0), cmultcse(0), downsizing(0), speculation(0)
Info    : Implementing datapath configurations. [DPOPT-3]
        : Implementing datapath configurations for 'CDN_DP_region_0_2'
  CSAGen Prep Share:0 Re-Write:0 Speculation: 0

CDN_DP_region_0_2 level = 0 loads = 0 drivers = 0
CDN_DP_region_0_2_c0 in sha256: area: 149150890 , DP = 1  sg = slow     
    wns: 0  norm_wns:  -1.0000 
    tns:  0
 skipped
CDN_DP_region_0_2_c1 in sha256: area: 106536350 , DP = 1  sg = fast     
    wns: 0  norm_wns:  -1.0000 
    tns:  0
 is current best
CDN_DP_region_0_2_c2 in sha256: area: 106536350 , DP = 1  sg = very_slow
    wns: 0  norm_wns:  -1.0000 
    tns:  0
 is current best
CDN_DP_region_0_2_c3 in sha256: area: 106536350 , DP = 1  sg = very_fast
    wns: 0  norm_wns:  -1.0000 
    tns:  0
 is current best
CDN_DP_region_0_2_c4 in sha256: area: 106536350 , DP = 1  sg = very_fast
    wns: 0  norm_wns:  -1.0000 
    tns:  0
 is current best
CDN_DP_region_0_2_c5 in sha256: area: 106536350 , DP = 1  sg = very_fast
    wns: 0  norm_wns:  -1.0000 
    tns:  0
 is current best
CDN_DP_region_0_2_c6 in sha256: area: 106536350 , DP = 1  sg = very_fast
    wns: 0  norm_wns:  -1.0000 
    tns:  0
 is current best
CDN_DP_region_0_2_c7 in sha256: area: 106536350 , DP = 1  sg = very_fast
    wns: 0  norm_wns:  -1.0000 
    tns:  0
 is current best
Best config: CDN_DP_region_0_2_c7 in sha256: area: 106536350 , DP = 1  sg = very_fast
    wns: 0  norm_wns:  -1.0000 
    tns:  0
  Smallest config area : 106536350.  Fastest config wns;  0
##>+----------------------------------------------------------------------------------------------------------------------------------------------------------------+
##>Summary table of configs (Best config is CDN_DP_region_0_2_c7)
##>+----------------------------------------------------------------------------------------------------------------------------------------------------------------+
##>                     0                  1                  2                  3                  4                  5                  6                  7            
##>+----------------------------------------------------------------------------------------------------------------------------------------------------------------+
##>           Area        149150890          106536350          106536350          106536350          106536350          106536350          106536350          106536350  
##>            WNS    +214748364.70      +214748364.70      +214748364.70      +214748364.70      +214748364.70      +214748364.70      +214748364.70      +214748364.70  
##>            TNS                0                  0                  0                  0                  0                  0                  0                  0  
##>    Num Rewrite                0                  0                  0                  0                  0                  0                  0                  0  
##>      Num Share                0                  0                  0                  0                  0                  0                  0                  0  
##>  Num Speculate                0                  0                  0                  0                  0                  0                  0                  0  
##>         Num DP                1                  1                  1                  1                  1                  1                  1                  1  
##>     Runtime(s)                0                  0                  0                  0                  0                  0                  0                  0  
+----------------------------------------------------------------------------------------------------------------------------------------------------------------+
##>
##>
##>+-----------------------------------------------------------------------------------------------------------------------------------------------------------------------------------------------------+
##>Optimization Step DEBUG Table for config CDN_DP_region_0_2_c7
##>
##>                          Step                        Area   (  % Chg)         WNS (Change)          TNS (Change)                Power   (  % Chg)        Runtime (s)        Comment                   
##>+-----------------------------------------------------------------------------------------------------------------------------------------------------------------------------------------------------+
##>EquationExtraction              START              149150890 (       )    214748364.70 (        )          0 (        )                    0 (       )              
##>                                  END              149150890 (  +0.00)    214748364.70 (   +0.00)          0 (       0)                    0 (  +0.00)           0  
##>createMaxCarrySave              START              149150890 (  +0.00)    214748364.70 (   +0.00)          0 (       0)                    0 (  +0.00)              
##> datapath_rewrite_one_def       START              149150890 (  +0.00)    214748364.70 (   +0.00)          0 (       0)                    0 (  +0.00)              
##>                                  END              149150890 (  +0.00)    214748364.70 (   +0.00)          0 (       0)                    0 (  +0.00)           0  
##> csa_opto                       START              149150890 (  +0.00)    214748364.70 (   +0.00)          0 (       0)                    0 (  +0.00)              
##>                                  END              149150890 (  +0.00)    214748364.70 (   +0.00)          0 (       0)                    0 (  +0.00)           0  
##>                                  END              149150890 (  +0.00)    214748364.70 (   +0.00)          0 (       0)                    0 (  +0.00)           0  
##>canonicalize_by_names           START              149150890 (  +0.00)    214748364.70 (   +0.00)          0 (       0)                    0 (  +0.00)              
##>                                  END              149150890 (  +0.00)    214748364.70 (   +0.00)          0 (       0)                    0 (  +0.00)           0  
##>datapath_rewrite_post_csa_one_  START              149150890 (  +0.00)    214748364.70 (   +0.00)          0 (       0)                    0 (  +0.00)              
##>                                  END              149150890 (  +0.00)    214748364.70 (   +0.00)          0 (       0)                    0 (  +0.00)           0  
##>datapath_csa_factoring_one_gde  START              149150890 (  +0.00)    214748364.70 (   +0.00)          0 (       0)                    0 (  +0.00)              
##>                                  END              149150890 (  +0.00)    214748364.70 (   +0.00)          0 (       0)                    0 (  +0.00)           0  
##>dpopt_share_one_def             START              149150890 (  +0.00)    214748364.70 (   +0.00)          0 (       0)                    0 (  +0.00)              
##>                                  END              149150890 (  +0.00)    214748364.70 (   +0.00)          0 (       0)                    0 (  +0.00)           0  
##>datapath_rewrite_post_share     START              149150890 (  +0.00)    214748364.70 (   +0.00)          0 (       0)                    0 (  +0.00)              
##>                                  END              149150890 (  +0.00)    214748364.70 (   +0.00)          0 (       0)                    0 (  +0.00)           0  
##>dp_combine_const_mult_with_com  START              149150890 (  +0.00)    214748364.70 (   +0.00)          0 (       0)                    0 (  +0.00)              
##>                                  END              149150890 (  +0.00)    214748364.70 (   +0.00)          0 (       0)                    0 (  +0.00)           0  
##>dp_operator_level_decompositio  START              149150890 (  +0.00)    214748364.70 (   +0.00)          0 (       0)                    0 (  +0.00)              
##>                                  END              149150890 (  +0.00)    214748364.70 (   +0.00)          0 (       0)                    0 (  +0.00)           0  
##>selective_flatten_dp_config     START              149150890 (  +0.00)    214748364.70 (   +0.00)          0 (       0)                    0 (  +0.00)              
##>                                  END              149150890 (  +0.00)    214748364.70 (   +0.00)          0 (       0)                    0 (  +0.00)           0  
##>createMaxCarrySave              START              149150890 (  +0.00)    214748364.70 (   +0.00)          0 (       0)                    0 (  +0.00)              
##> datapath_rewrite_one_def       START              149150890 (  +0.00)    214748364.70 (   +0.00)          0 (       0)                    0 (  +0.00)              
##>  fast_cse_elim                 START              149150890 (  +0.00)    214748364.70 (   +0.00)          0 (       0)                    0 (  +0.00)              
##>                                  END              149150890 (  +0.00)    214748364.70 (   +0.00)          0 (       0)                    0 (  +0.00)           0  
##>  fast_cse_elim                 START              149150890 (  +0.00)    214748364.70 (   +0.00)          0 (       0)                    0 (  +0.00)              
##>                                  END              149150890 (  +0.00)    214748364.70 (   +0.00)          0 (       0)                    0 (  +0.00)           0  
##>                                  END              149150890 (  +0.00)    214748364.70 (   +0.00)          0 (       0)                    0 (  +0.00)           0  
##> csa_opto                       START              149150890 (  +0.00)    214748364.70 (   +0.00)          0 (       0)                    0 (  +0.00)              
##>                                  END              149150890 (  +0.00)    214748364.70 (   +0.00)          0 (       0)                    0 (  +0.00)           0  
##>                                  END              149150890 (  +0.00)    214748364.70 (   +0.00)          0 (       0)                    0 (  +0.00)           0  
##>context_based_simplify          START              149150890 (  +0.00)    214748364.70 (   +0.00)          0 (       0)                    0 (  +0.00)              
##>                                  END              106536350 ( -28.57)    214748364.70 (   +0.00)          0 (       0)                    0 (  +0.00)           0  
##>group_csa_final_adder_dp        START              106536350 (  +0.00)    214748364.70 (   +0.00)          0 (       0)                    0 (  +0.00)              
##>                                  END              106536350 (  +0.00)    214748364.70 (   +0.00)          0 (       0)                    0 (  +0.00)           0  
##>dpopt_flatten_critical_muxes_i  START              106536350 (  +0.00)    214748364.70 (   +0.00)          0 (       0)                    0 (  +0.00)              
##>                                  END              106536350 (  +0.00)    214748364.70 (   +0.00)          0 (       0)                    0 (  +0.00)           0  
##>create_score                    START              106536350 (  +0.00)    214748364.70 (   +0.00)          0 (       0)                    0 (  +0.00)              
##>                                  END              106536350 (  +0.00)    214748364.70 (   +0.00)          0 (       0)                    0 (  +0.00)           0  
##>+-----------------------------------------------------------------------------------------------------------------------------------------------------------------------------------------------------+
Committed config: CDN_DP_region_0_2_c7
Info    : Done implementing datapath configurations. [DPOPT-4]
        : Selected 'very_fast' configuration 7 for module 'CDN_DP_region_0_2_c7'.
          Optimizations applied to 'very_fast' configuration:
            rewriting(0), factoring(0), sharing(0), cmultcse(0), downsizing(0), speculation(0)
Info    : Implementing datapath configurations. [DPOPT-3]
        : Implementing datapath configurations for 'CDN_DP_region_0_1'
  CSAGen Prep Share:0 Re-Write:0 Speculation: 0

CDN_DP_region_0_1 level = 0 loads = 0 drivers = 0
CDN_DP_region_0_1_c0 in sha256: area: 202419065 , DP = 1  sg = slow     
    wns: 0  norm_wns:  -1.0000 
    tns:  0
 skipped
CDN_DP_region_0_1_c1 in sha256: area: 149150890 , DP = 1  sg = fast     
    wns: 0  norm_wns:  -1.0000 
    tns:  0
 is current best
CDN_DP_region_0_1_c2 in sha256: area: 149150890 , DP = 1  sg = very_slow
    wns: 0  norm_wns:  -1.0000 
    tns:  0
 is current best
CDN_DP_region_0_1_c3 in sha256: area: 149150890 , DP = 1  sg = very_fast
    wns: 0  norm_wns:  -1.0000 
    tns:  0
 is current best
CDN_DP_region_0_1_c4 in sha256: area: 149150890 , DP = 1  sg = very_fast
    wns: 0  norm_wns:  -1.0000 
    tns:  0
 is current best
CDN_DP_region_0_1_c5 in sha256: area: 149150890 , DP = 1  sg = very_fast
    wns: 0  norm_wns:  -1.0000 
    tns:  0
 is current best
CDN_DP_region_0_1_c6 in sha256: area: 149150890 , DP = 1  sg = very_fast
    wns: 0  norm_wns:  -1.0000 
    tns:  0
 is current best
CDN_DP_region_0_1_c7 in sha256: area: 149150890 , DP = 1  sg = very_fast
    wns: 0  norm_wns:  -1.0000 
    tns:  0
 is current best
Best config: CDN_DP_region_0_1_c7 in sha256: area: 149150890 , DP = 1  sg = very_fast
    wns: 0  norm_wns:  -1.0000 
    tns:  0
  Smallest config area : 149150890.  Fastest config wns;  0
##>+----------------------------------------------------------------------------------------------------------------------------------------------------------------+
##>Summary table of configs (Best config is CDN_DP_region_0_1_c7)
##>+----------------------------------------------------------------------------------------------------------------------------------------------------------------+
##>                     0                  1                  2                  3                  4                  5                  6                  7            
##>+----------------------------------------------------------------------------------------------------------------------------------------------------------------+
##>           Area        202419065          149150890          149150890          149150890          149150890          149150890          149150890          149150890  
##>            WNS    +214748364.70      +214748364.70      +214748364.70      +214748364.70      +214748364.70      +214748364.70      +214748364.70      +214748364.70  
##>            TNS                0                  0                  0                  0                  0                  0                  0                  0  
##>    Num Rewrite                0                  0                  0                  0                  0                  0                  0                  0  
##>      Num Share                0                  0                  0                  0                  0                  0                  0                  0  
##>  Num Speculate                0                  0                  0                  0                  0                  0                  0                  0  
##>         Num DP                1                  1                  1                  1                  1                  1                  1                  1  
##>     Runtime(s)                0                  0                  0                  0                  0                  0                  0                  0  
+----------------------------------------------------------------------------------------------------------------------------------------------------------------+
##>
##>
##>+-----------------------------------------------------------------------------------------------------------------------------------------------------------------------------------------------------+
##>Optimization Step DEBUG Table for config CDN_DP_region_0_1_c7
##>
##>                          Step                        Area   (  % Chg)         WNS (Change)          TNS (Change)                Power   (  % Chg)        Runtime (s)        Comment                   
##>+-----------------------------------------------------------------------------------------------------------------------------------------------------------------------------------------------------+
##>EquationExtraction              START              202419065 (       )    214748364.70 (        )          0 (        )                    0 (       )              
##>                                  END              202419065 (  +0.00)    214748364.70 (   +0.00)          0 (       0)                    0 (  +0.00)           0  
##>createMaxCarrySave              START              202419065 (  +0.00)    214748364.70 (   +0.00)          0 (       0)                    0 (  +0.00)              
##> datapath_rewrite_one_def       START              202419065 (  +0.00)    214748364.70 (   +0.00)          0 (       0)                    0 (  +0.00)              
##>                                  END              202419065 (  +0.00)    214748364.70 (   +0.00)          0 (       0)                    0 (  +0.00)           0  
##> csa_opto                       START              202419065 (  +0.00)    214748364.70 (   +0.00)          0 (       0)                    0 (  +0.00)              
##>                                  END              202419065 (  +0.00)    214748364.70 (   +0.00)          0 (       0)                    0 (  +0.00)           0  
##>                                  END              202419065 (  +0.00)    214748364.70 (   +0.00)          0 (       0)                    0 (  +0.00)           0  
##>canonicalize_by_names           START              202419065 (  +0.00)    214748364.70 (   +0.00)          0 (       0)                    0 (  +0.00)              
##>                                  END              202419065 (  +0.00)    214748364.70 (   +0.00)          0 (       0)                    0 (  +0.00)           0  
##>datapath_rewrite_post_csa_one_  START              202419065 (  +0.00)    214748364.70 (   +0.00)          0 (       0)                    0 (  +0.00)              
##>                                  END              202419065 (  +0.00)    214748364.70 (   +0.00)          0 (       0)                    0 (  +0.00)           0  
##>datapath_csa_factoring_one_gde  START              202419065 (  +0.00)    214748364.70 (   +0.00)          0 (       0)                    0 (  +0.00)              
##>                                  END              202419065 (  +0.00)    214748364.70 (   +0.00)          0 (       0)                    0 (  +0.00)           0  
##>dpopt_share_one_def             START              202419065 (  +0.00)    214748364.70 (   +0.00)          0 (       0)                    0 (  +0.00)              
##>                                  END              202419065 (  +0.00)    214748364.70 (   +0.00)          0 (       0)                    0 (  +0.00)           0  
##>datapath_rewrite_post_share     START              202419065 (  +0.00)    214748364.70 (   +0.00)          0 (       0)                    0 (  +0.00)              
##>                                  END              202419065 (  +0.00)    214748364.70 (   +0.00)          0 (       0)                    0 (  +0.00)           0  
##>dp_combine_const_mult_with_com  START              202419065 (  +0.00)    214748364.70 (   +0.00)          0 (       0)                    0 (  +0.00)              
##>                                  END              202419065 (  +0.00)    214748364.70 (   +0.00)          0 (       0)                    0 (  +0.00)           0  
##>dp_operator_level_decompositio  START              202419065 (  +0.00)    214748364.70 (   +0.00)          0 (       0)                    0 (  +0.00)              
##>                                  END              202419065 (  +0.00)    214748364.70 (   +0.00)          0 (       0)                    0 (  +0.00)           0  
##>selective_flatten_dp_config     START              202419065 (  +0.00)    214748364.70 (   +0.00)          0 (       0)                    0 (  +0.00)              
##>                                  END              202419065 (  +0.00)    214748364.70 (   +0.00)          0 (       0)                    0 (  +0.00)           0  
##>createMaxCarrySave              START              202419065 (  +0.00)    214748364.70 (   +0.00)          0 (       0)                    0 (  +0.00)              
##> datapath_rewrite_one_def       START              202419065 (  +0.00)    214748364.70 (   +0.00)          0 (       0)                    0 (  +0.00)              
##>  fast_cse_elim                 START              202419065 (  +0.00)    214748364.70 (   +0.00)          0 (       0)                    0 (  +0.00)              
##>                                  END              202419065 (  +0.00)    214748364.70 (   +0.00)          0 (       0)                    0 (  +0.00)           0  
##>  fast_cse_elim                 START              202419065 (  +0.00)    214748364.70 (   +0.00)          0 (       0)                    0 (  +0.00)              
##>                                  END              202419065 (  +0.00)    214748364.70 (   +0.00)          0 (       0)                    0 (  +0.00)           0  
##>                                  END              202419065 (  +0.00)    214748364.70 (   +0.00)          0 (       0)                    0 (  +0.00)           0  
##> csa_opto                       START              202419065 (  +0.00)    214748364.70 (   +0.00)          0 (       0)                    0 (  +0.00)              
##>                                  END              202419065 (  +0.00)    214748364.70 (   +0.00)          0 (       0)                    0 (  +0.00)           0  
##>                                  END              202419065 (  +0.00)    214748364.70 (   +0.00)          0 (       0)                    0 (  +0.00)           0  
##>context_based_simplify          START              202419065 (  +0.00)    214748364.70 (   +0.00)          0 (       0)                    0 (  +0.00)              
##>                                  END              149150890 ( -26.32)    214748364.70 (   +0.00)          0 (       0)                    0 (  +0.00)           0  
##>group_csa_final_adder_dp        START              149150890 (  +0.00)    214748364.70 (   +0.00)          0 (       0)                    0 (  +0.00)              
##>                                  END              149150890 (  +0.00)    214748364.70 (   +0.00)          0 (       0)                    0 (  +0.00)           0  
##>dpopt_flatten_critical_muxes_i  START              149150890 (  +0.00)    214748364.70 (   +0.00)          0 (       0)                    0 (  +0.00)              
##>                                  END              149150890 (  +0.00)    214748364.70 (   +0.00)          0 (       0)                    0 (  +0.00)           0  
##>create_score                    START              149150890 (  +0.00)    214748364.70 (   +0.00)          0 (       0)                    0 (  +0.00)              
##>                                  END              149150890 (  +0.00)    214748364.70 (   +0.00)          0 (       0)                    0 (  +0.00)           0  
##>+-----------------------------------------------------------------------------------------------------------------------------------------------------------------------------------------------------+
Committed config: CDN_DP_region_0_1_c7
Info    : Done implementing datapath configurations. [DPOPT-4]
        : Selected 'very_fast' configuration 7 for module 'CDN_DP_region_0_1_c7'.
          Optimizations applied to 'very_fast' configuration:
            rewriting(0), factoring(0), sharing(0), cmultcse(0), downsizing(0), speculation(0)
Info    : Implementing datapath configurations. [DPOPT-3]
        : Implementing datapath configurations for 'CDN_DP_region_1_0'
  CSAGen Prep Share:0 Re-Write:0 Speculation: 0

CDN_DP_region_1_0 level = 0 loads = 0 drivers = 0
CDN_DP_region_1_0_c0 in sha256_core: area: 228882694340 , DP = 36  Decode = 4  Mux = 68  ctl_case = 1  other = 17  sg = slow     
    wns: 0  norm_wns:  -1.0000 
    tns:  0
 skipped
CDN_DP_region_1_0_c1 in sha256_core: area: 206787055350 , CSA = 4  DP = 11  Decode = 2  Mux = 65  other = 496  sg = fast     
    wns: 0  norm_wns:  -1.0000 
    tns:  0
 is current best
CDN_DP_region_1_0_c2 in sha256_core: area: 206403524490 , CSA = 3  DP = 12  Decode = 2  Mux = 65  other = 496  sg = very_slow
    wns: 0  norm_wns:  -1.0000 
    tns:  0
 is current best
CDN_DP_region_1_0_c3 in sha256_core: area: 206787055350 , CSA = 4  DP = 11  Decode = 2  Mux = 65  other = 496  sg = very_fast
    wns: 0  norm_wns:  -1.0000 
    tns:  0

CDN_DP_region_1_0_c4 in sha256_core: area: 206403524490 , CSA = 3  DP = 12  Decode = 2  Mux = 65  other = 496  sg = very_fast
    wns: 0  norm_wns:  -1.0000 
    tns:  0
 is current best
CDN_DP_region_1_0_c5 in sha256_core: area: 206403524490 , CSA = 3  DP = 12  Decode = 2  Mux = 65  other = 496  sg = very_fast
    wns: 0  norm_wns:  -1.0000 
    tns:  0
 is current best
CDN_DP_region_1_0_c6 in sha256_core: area: 206787055350 , CSA = 4  DP = 11  Decode = 2  Mux = 65  other = 496  sg = very_fast
    wns: 0  norm_wns:  -1.0000 
    tns:  0

CDN_DP_region_1_0_c7 in sha256_core: area: 206829669890 , CSA = 4  DP = 11  Decode = 2  Mux = 65  other = 496  sg = very_fast
    wns: 0  norm_wns:  -1.0000 
    tns:  0

Best config: CDN_DP_region_1_0_c5 in sha256_core: area: 206403524490 , CSA = 3  DP = 12  Decode = 2  Mux = 65  other = 496  sg = very_fast
    wns: 0  norm_wns:  -1.0000 
    tns:  0
  Smallest config area : 206403524490.  Fastest config wns;  0
##>+----------------------------------------------------------------------------------------------------------------------------------------------------------------+
##>Summary table of configs (Best config is CDN_DP_region_1_0_c5)
##>+----------------------------------------------------------------------------------------------------------------------------------------------------------------+
##>                     0                  1                  2                  3                  4                  5                  6                  7            
##>+----------------------------------------------------------------------------------------------------------------------------------------------------------------+
##>           Area     228882694340       206787055350       206403524490       206787055350       206403524490       206403524490       206787055350       206829669890  
##>            WNS           +91.90             +89.90             +89.90             +89.90             +89.90             +89.90             +89.90             +89.90  
##>            TNS                0                  0                  0                  0                  0                  0                  0                  0  
##>    Num Rewrite                0                  3                  3                  3                  3                  3                  3                  0  
##>     Num Factor                0                  0                  0                  0                  0                  0                  0                  1  
##>      Num Share                0                  0                  0                  0                  0                  0                  0                  0  
##>  Num Speculate                0                  0                  0                  0                  0                  0                  0                  0  
##>        Num CSA                0                  4                  3                  4                  3                  3                  4                  4  
##>         Num DP               36                 11                 12                 11                 12                 12                 11                 11  
##>     Num Decode                4                  2                  2                  2                  2                  2                  2                  2  
##>        Num Mux               68                 65                 65                 65                 65                 65                 65                 65  
##>   Num ctl_case                1                  0                  0                  0                  0                  0                  0                  0  
##>      Num other               17                496                496                496                496                496                496                496  
##>     Runtime(s)                0                  8                  6                  8                  7                  7                  9                 12  
+----------------------------------------------------------------------------------------------------------------------------------------------------------------+
##>
##>

CSA report for CDN_DP_region_1_0_c5, cover 0 
--------------------------
| POs | Operation  | FRC | 
--------------------------
| 1   | add_357_17 | -   | 
|     | add_422_23 | -   | 
--------------------------
-----------------------------------------------------------------------------------------------
| Input/Output  | Driver | Type | Reason | Polarity | Bitwidth | Expression                   | 
-----------------------------------------------------------------------------------------------
| add_357_17[0] | g28    | PI   | -      | unsigned | 32       | g28[31,0]                    | 
| add_357_17[1] | g33    | PI   | -      | unsigned | 32       | g33[31,0]                    | 
| add_337_39    | -      | PI   | ppa    | unsigned | 32       | -                            | 
| add_422_23    | -      | PO   | -      | unsigned | 32       | in_511[31,0]+g22[31,0]       | 
|               |        |      |        |          |          | +g26[31,0]                   | 
|               |        |      |        |          |          | +w_mem_inst_mux_w_tmp_152_21 | 
|               |        |      |        |          |          | +in_543[31,0]+g28[31,0]      | 
|               |        |      |        |          |          | +g33[31,0]                   | 
-----------------------------------------------------------------------------------------------
 

CSA report for CDN_DP_region_1_0_c5, cover 1 
--------------------------
| POs | Operation  | FRC | 
--------------------------
| 1   | add_337_18 | -   | 
|     | add_337_25 | -   | 
|     | add_337_30 | -   | 
|     | add_337_39 | -   | 
--------------------------
----------------------------------------------------------------------------------------------------------------------------------
| Input/Output                | Driver                      | Type | Reason | Polarity | Bitwidth | Expression                   | 
----------------------------------------------------------------------------------------------------------------------------------
| add_337_18[0]               | in_511                      | PI   | -      | unsigned | 32       | in_511[31,0]                 | 
| add_337_18[1]               | g22                         | PI   | -      | unsigned | 32       | g22[31,0]                    | 
| add_337_25[1]               | g26                         | PI   | -      | unsigned | 32       | g26[31,0]                    | 
| add_337_30[1]               | w_mem_inst_mux_w_tmp_152_21 | PI   | ppa    | unsigned | 32       | w_mem_inst_mux_w_tmp_152_21  | 
| add_337_39[1]               | in_543                      | PI   | -      | unsigned | 32       | in_543[31,0]                 | 
| w_mem_inst_mux_w_tmp_152_21 | -                           | PI   | ppa    | unsigned | 32       | -                            | 
| add_337_39                  | -                           | PO   | -      | unsigned | 32       | in_511[31,0]+g22[31,0]       | 
|                             |                             |      |        |          |          | +g26[31,0]                   | 
|                             |                             |      |        |          |          | +w_mem_inst_mux_w_tmp_152_21 | 
|                             |                             |      |        |          |          | +in_543[31,0]                | 
----------------------------------------------------------------------------------------------------------------------------------
 

CSA report for CDN_DP_region_1_0_c5, cover 2 
-------------------------------------
| POs | Operation             | FRC | 
-------------------------------------
| 1   | w_mem_inst_add_205_18 | -   | 
|     | w_mem_inst_add_205_24 | -   | 
|     | w_mem_inst_add_205_29 | -   | 
-------------------------------------
-----------------------------------------------------------------------------------------------------------
| Input/Output             | Driver         | Type | Reason | Polarity | Bitwidth | Expression            | 
-----------------------------------------------------------------------------------------------------------
| w_mem_inst_add_205_18[0] | w_mem_inst_g21 | PI   | -      | unsigned | 32       | w_mem_inst_g21[31,0]  | 
| w_mem_inst_add_205_18[1] | in_610         | PI   | -      | unsigned | 32       | in_610[31,0]          | 
| w_mem_inst_add_205_24[1] | w_mem_inst_g19 | PI   | -      | unsigned | 32       | w_mem_inst_g19[31,0]  | 
| w_mem_inst_add_205_29[1] | in_671         | PI   | -      | unsigned | 32       | in_671[31,0]          | 
| w_mem_inst_add_205_29    | -              | PO   | -      | unsigned | 32       | w_mem_inst_g21[31,0]  | 
|                          |                |      |        |          |          | +in_610[31,0]         | 
|                          |                |      |        |          |          | +w_mem_inst_g19[31,0] | 
|                          |                |      |        |          |          | +in_671[31,0]         | 
-----------------------------------------------------------------------------------------------------------
 
##>+-----------------------------------------------------------------------------------------------------------------------------------------------------------------------------------------------------+
##>Optimization Step DEBUG Table for config CDN_DP_region_1_0_c5
##>
##>                          Step                        Area   (  % Chg)         WNS (Change)          TNS (Change)                Power   (  % Chg)        Runtime (s)        Comment                   
##>+-----------------------------------------------------------------------------------------------------------------------------------------------------------------------------------------------------+
##>createMaxCarrySave              START           228882694340 (       )       91.90 (        )          0 (        )                    0 (       )              
##> datapath_rewrite_one_def       START           228882694340 (  +0.00)       91.90 (   +0.00)          0 (       0)                    0 (  +0.00)              
##>  fast_cse_elim                 START           228882694340 (  +0.00)       91.90 (   +0.00)          0 (       0)                    0 (  +0.00)              
##>                                  END           228520470750 (  -0.16)       91.90 (   +0.00)          0 (       0)                    0 (  +0.00)           0  
##>  fast_cse_elim                 START           228520470750 (  +0.00)       91.90 (   +0.00)          0 (       0)                    0 (  +0.00)              
##>                                  END           228520470750 (  +0.00)       91.90 (   +0.00)          0 (       0)                    0 (  +0.00)           0  
##>                                  END           228520470750 (  -0.16)       91.90 (   +0.00)          0 (       0)                    0 (  +0.00)           0  
##> speculate_in_gdef              START           228520470750 (  +0.00)       91.90 (   +0.00)          0 (       0)                    0 (  +0.00)              
##>  pre_speculate_mux_merge       START           228520470750 (  +0.00)       91.90 (   +0.00)          0 (       0)                    0 (  +0.00)              
##>                                  END           228520470750 (  +0.00)       91.90 (   +0.00)          0 (       0)                    0 (  +0.00)           0  
##>                                  END           228520470750 (  +0.00)       91.90 (   +0.00)          0 (       0)                    0 (  +0.00)           0  
##> csa_opto                       START           228520470750 (  +0.00)       91.90 (   +0.00)          0 (       0)                    0 (  +0.00)              
##>                                  END           206456792665 (  -9.66)       91.90 (   +0.00)          0 (       0)                    0 (  +0.00)           1  
##>                                  END           206456792665 (  -9.80)       91.90 (   +0.00)          0 (       0)                    0 (  +0.00)           1  
##>canonicalize_by_names           START           206456792665 (  +0.00)       91.90 (   +0.00)          0 (       0)                    0 (  +0.00)              
##>                                  END           206456792665 (  +0.00)       91.90 (   +0.00)          0 (       0)                    0 (  +0.00)           0  
##>datapath_rewrite_post_csa_one_  START           206456792665 (  +0.00)       91.90 (   +0.00)          0 (       0)                    0 (  +0.00)              
##> rewrite                        START           206456792665 (  +0.00)       91.90 (   +0.00)          0 (       0)                    0 (  +0.00)              (na,csaa) base_unsigned_add_ci_csa_from --> unsigned_add_ci_csa_to
##>                                  END           210888704825 (  +2.15)       91.90 (   +0.00)          0 (       0)                    0 (  +0.00)           0  
##> rewrite                        START           206456792665 (  -2.10)       91.90 (   +0.00)          0 (       0)                    0 (  +0.00)              (na,csaa) base_comb_unsigned_add_ci_p_add_from --> comb_unsigned_add_ci_p_add_to
##>                                  END           210888704825 (  +2.15)       91.90 (   +0.00)          0 (       0)                    0 (  +0.00)           0  
##> rewrite                        START           206456792665 (  -2.10)       91.90 (   +0.00)          0 (       0)                    0 (  +0.00)              (a,ar) csa_add_and_inc_v2 --> csa_add_ci
##>                                  END           206552675380 (  +0.05)       91.90 (   +0.00)          0 (       0)                    0 (  +0.00)           0  
##> rewrite                        START           206552675380 (  +0.00)       91.90 (   +0.00)          0 (       0)                    0 (  +0.00)              (a,ar) csa_add_and_inc_v2 --> csa_add_ci
##>                                  END           206605943555 (  +0.03)       91.90 (   +0.00)          0 (       0)                    0 (  +0.00)           0  
##> rewrite                        START           206605943555 (  +0.00)       91.90 (   +0.00)          0 (       0)                    0 (  +0.00)              (a,ar) csa_add_and_inc_v2 --> csa_add_ci
##>                                  END           206616597190 (  +0.01)       91.90 (   +0.00)          0 (       0)                    0 (  +0.00)           0  
##> rewrite                        START           206616597190 (  +0.00)       91.90 (   +0.00)          0 (       0)                    0 (  +0.00)              (na,csaa) unsigned_add_add_v2_from --> unsigned_add_add_csa_to
##>                                  END           210952626635 (  +2.10)       91.90 (   +0.00)          0 (       0)                    0 (  +0.00)           0  
##> rewrite                        START           206616597190 (  -2.06)       91.90 (   +0.00)          0 (       0)                    0 (  +0.00)              (na,csaa) unsigned_add_add_v4_from --> unsigned_add_add_csa_to
##>                                  END           210952626635 (  +2.10)       91.90 (   +0.00)          0 (       0)                    0 (  +0.00)           0  
##> rewrite                        START           206616597190 (  -2.06)       91.90 (   +0.00)          0 (       0)                    0 (  +0.00)              (na,csaa) base_unsigned_add_csa2_from --> unsigned_add_csa2_to
##>                                  END           210910012095 (  +2.08)       91.90 (   +0.00)          0 (       0)                    0 (  +0.00)           0  
##> rewrite                        START           206616597190 (  -2.04)       91.90 (   +0.00)          0 (       0)                    0 (  +0.00)              (na,csaa) base_comb_unsigned_add_p_add_from --> comb_unsigned_add_p_add_to
##>                                  END           210952626635 (  +2.10)       91.90 (   +0.00)          0 (       0)                    0 (  +0.00)           0  
##>                                  END           206616597190 (  +0.08)       91.90 (   +0.00)          0 (       0)                    0 (  +0.00)           1  
##>datapath_csa_factoring_one_gde  START           206616597190 (  +0.00)       91.90 (   +0.00)          0 (       0)                    0 (  +0.00)              
##>                                  END           206616597190 (  +0.00)       91.90 (   +0.00)          0 (       0)                    0 (  +0.00)           0  
##>dpopt_share_one_def             START           206616597190 (  +0.00)       91.90 (   +0.00)          0 (       0)                    0 (  +0.00)              
##>                                  END           206616597190 (  +0.00)       91.90 (   +0.00)          0 (       0)                    0 (  +0.00)           0  
##>datapath_rewrite_post_share     START           206616597190 (  +0.00)       91.90 (   +0.00)          0 (       0)                    0 (  +0.00)              
##>                                  END           206616597190 (  +0.00)       91.90 (   +0.00)          0 (       0)                    0 (  +0.00)           0  
##>dp_combine_const_mult_with_com  START           206616597190 (  +0.00)       91.90 (   +0.00)          0 (       0)                    0 (  +0.00)              
##>                                  END           206616597190 (  +0.00)       91.90 (   +0.00)          0 (       0)                    0 (  +0.00)           0  
##>speculate_in_gdef               START           206616597190 (  +0.00)       91.90 (   +0.00)          0 (       0)                    0 (  +0.00)              
##> pre_speculate_mux_merge        START           206616597190 (  +0.00)       91.90 (   +0.00)          0 (       0)                    0 (  +0.00)              
##>                                  END           206616597190 (  +0.00)       91.90 (   +0.00)          0 (       0)                    0 (  +0.00)           0  
##>                                  END           206616597190 (  +0.00)       91.90 (   +0.00)          0 (       0)                    0 (  +0.00)           0  
##>dp_operator_level_decompositio  START           206616597190 (  +0.00)       91.90 (   +0.00)          0 (       0)                    0 (  +0.00)              
##>                                  END           206616597190 (  +0.00)       91.90 (   +0.00)          0 (       0)                    0 (  +0.00)           0  
##>selective_flatten_dp_config     START           206616597190 (  +0.00)       91.90 (   +0.00)          0 (       0)                    0 (  +0.00)              
##>                                  END           206616597190 (  +0.00)       89.90 (   -2.00)          0 (       0)                    0 (  +0.00)           0  
##>createMaxCarrySave              START           206616597190 (  +0.00)       89.90 (   +0.00)          0 (       0)                    0 (  +0.00)              
##> datapath_rewrite_one_def       START           206616597190 (  +0.00)       89.90 (   +0.00)          0 (       0)                    0 (  +0.00)              
##>  fast_cse_elim                 START           206616597190 (  +0.00)       89.90 (   +0.00)          0 (       0)                    0 (  +0.00)              
##>                                  END           206616597190 (  +0.00)       89.90 (   +0.00)          0 (       0)                    0 (  +0.00)           0  
##>  fast_cse_elim                 START           206616597190 (  +0.00)       89.90 (   +0.00)          0 (       0)                    0 (  +0.00)              
##>                                  END           206616597190 (  +0.00)       89.90 (   +0.00)          0 (       0)                    0 (  +0.00)           0  
##>                                  END           206616597190 (  +0.00)       89.90 (   +0.00)          0 (       0)                    0 (  +0.00)           0  
##> speculate_in_gdef              START           206616597190 (  +0.00)       89.90 (   +0.00)          0 (       0)                    0 (  +0.00)              
##>  pre_speculate_mux_merge       START           206616597190 (  +0.00)       89.90 (   +0.00)          0 (       0)                    0 (  +0.00)              
##>                                  END           206616597190 (  +0.00)       89.90 (   +0.00)          0 (       0)                    0 (  +0.00)           0  
##>                                  END           206616597190 (  +0.00)       89.90 (   +0.00)          0 (       0)                    0 (  +0.00)           0  
##> csa_opto                       START           206616597190 (  +0.00)       89.90 (   +0.00)          0 (       0)                    0 (  +0.00)              
##>                                  END           206616597190 (  +0.00)       89.90 (   +0.00)          0 (       0)                    0 (  +0.00)           0  
##>                                  END           206616597190 (  +0.00)       89.90 (   +0.00)          0 (       0)                    0 (  +0.00)           0  
##>datapath_rewrite_post_csa_one_  START           206616597190 (  +0.00)       89.90 (   +0.00)          0 (       0)                    0 (  +0.00)              
##>                                  END           206616597190 (  +0.00)       89.90 (   +0.00)          0 (       0)                    0 (  +0.00)           0  
##>datapath_csa_factoring_one_gde  START           206616597190 (  +0.00)       89.90 (   +0.00)          0 (       0)                    0 (  +0.00)              
##>                                  END           206616597190 (  +0.00)       89.90 (   +0.00)          0 (       0)                    0 (  +0.00)           0  
##>dpopt_share_one_def             START           206616597190 (  +0.00)       89.90 (   +0.00)          0 (       0)                    0 (  +0.00)              
##>                                  END           206616597190 (  +0.00)       89.90 (   +0.00)          0 (       0)                    0 (  +0.00)           0  
##>datapath_rewrite_post_share     START           206616597190 (  +0.00)       89.90 (   +0.00)          0 (       0)                    0 (  +0.00)              
##>                                  END           206616597190 (  +0.00)       89.90 (   +0.00)          0 (       0)                    0 (  +0.00)           0  
##>dp_combine_const_mult_with_com  START           206616597190 (  +0.00)       89.90 (   +0.00)          0 (       0)                    0 (  +0.00)              
##>                                  END           206616597190 (  +0.00)       89.90 (   +0.00)          0 (       0)                    0 (  +0.00)           0  
##>speculate_in_gdef               START           206616597190 (  +0.00)       89.90 (   +0.00)          0 (       0)                    0 (  +0.00)              
##> pre_speculate_mux_merge        START           206616597190 (  +0.00)       89.90 (   +0.00)          0 (       0)                    0 (  +0.00)              
##>                                  END           206616597190 (  +0.00)       89.90 (   +0.00)          0 (       0)                    0 (  +0.00)           0  
##>                                  END           206616597190 (  +0.00)       89.90 (   +0.00)          0 (       0)                    0 (  +0.00)           0  
##>dp_operator_level_decompositio  START           206616597190 (  +0.00)       89.90 (   +0.00)          0 (       0)                    0 (  +0.00)              
##>                                  END           206616597190 (  +0.00)       89.90 (   +0.00)          0 (       0)                    0 (  +0.00)           0  
##>selective_flatten_dp_config     START           206616597190 (  +0.00)       89.90 (   +0.00)          0 (       0)                    0 (  +0.00)              
##>                                  END           206616597190 (  +0.00)       89.90 (   +0.00)          0 (       0)                    0 (  +0.00)           0  
##>createMaxCarrySave              START           206616597190 (  +0.00)       89.90 (   +0.00)          0 (       0)                    0 (  +0.00)              
##> datapath_rewrite_one_def       START           206616597190 (  +0.00)       89.90 (   +0.00)          0 (       0)                    0 (  +0.00)              
##>  fast_cse_elim                 START           206616597190 (  +0.00)       89.90 (   +0.00)          0 (       0)                    0 (  +0.00)              
##>                                  END           206616597190 (  +0.00)       89.90 (   +0.00)          0 (       0)                    0 (  +0.00)           0  
##>  fast_cse_elim                 START           206616597190 (  +0.00)       89.90 (   +0.00)          0 (       0)                    0 (  +0.00)              
##>                                  END           206616597190 (  +0.00)       89.90 (   +0.00)          0 (       0)                    0 (  +0.00)           0  
##>                                  END           206616597190 (  +0.00)       89.90 (   +0.00)          0 (       0)                    0 (  +0.00)           0  
##> speculate_in_gdef              START           206616597190 (  +0.00)       89.90 (   +0.00)          0 (       0)                    0 (  +0.00)              
##>  pre_speculate_mux_merge       START           206616597190 (  +0.00)       89.90 (   +0.00)          0 (       0)                    0 (  +0.00)              
##>                                  END           206616597190 (  +0.00)       89.90 (   +0.00)          0 (       0)                    0 (  +0.00)           0  
##>                                  END           206616597190 (  +0.00)       89.90 (   +0.00)          0 (       0)                    0 (  +0.00)           0  
##> csa_opto                       START           206616597190 (  +0.00)       89.90 (   +0.00)          0 (       0)                    0 (  +0.00)              
##>                                  END           206616597190 (  +0.00)       89.90 (   +0.00)          0 (       0)                    0 (  +0.00)           0  
##>                                  END           206616597190 (  +0.00)       89.90 (   +0.00)          0 (       0)                    0 (  +0.00)           0  
##>context_based_simplify          START           206051954535 (  -0.27)       89.90 (   +0.00)          0 (       0)                    0 (  +0.00)              
##>                                  END           205924110915 (  -0.06)       89.90 (   +0.00)          0 (       0)                    0 (  +0.00)           0  
##>group_csa_final_adder_dp        START           205924110915 (  +0.00)       89.90 (   +0.00)          0 (       0)                    0 (  +0.00)              
##>                                  END           206403524490 (  +0.23)       89.90 (   +0.00)          0 (       0)                    0 (  +0.00)           0  
##>dpopt_flatten_critical_muxes_i  START           206403524490 (  +0.00)       89.90 (   +0.00)          0 (       0)                    0 (  +0.00)              
##>                                  END           206403524490 (  +0.00)       89.90 (   +0.00)          0 (       0)                    0 (  +0.00)           0  
##>speculate_in_gdef               START           206403524490 (  +0.00)       89.90 (   +0.00)          0 (       0)                    0 (  +0.00)              
##> pre_speculate_mux_merge        START           206403524490 (  +0.00)       89.90 (   +0.00)          0 (       0)                    0 (  +0.00)              
##>                                  END           206403524490 (  +0.00)       89.90 (   +0.00)          0 (       0)                    0 (  +0.00)           0  
##>                                  END           206403524490 (  +0.00)       89.90 (   +0.00)          0 (       0)                    0 (  +0.00)           0  
##>create_score                    START           206403524490 (  +0.00)       89.90 (   +0.00)          0 (       0)                    0 (  +0.00)              
##>                                  END           206403524490 (  +0.00)       89.90 (   +0.00)          0 (       0)                    0 (  +0.00)           0  
##>+-----------------------------------------------------------------------------------------------------------------------------------------------------------------------------------------------------+
Committed config: CDN_DP_region_1_0_c5
Info    : Done implementing datapath configurations. [DPOPT-4]
        : Selected 'very_fast' configuration 5 for module 'CDN_DP_region_1_0_c5'.
          Optimizations applied to 'very_fast' configuration:
            rewriting(3), factoring(0), sharing(0), cmultcse(0), downsizing(0), speculation(0)
Info    : Implementing datapath configurations. [DPOPT-3]
        : Implementing datapath configurations for 'CDN_DP_region_0_0'
  CSAGen Prep Share:0 Re-Write:0 Speculation: 0

CDN_DP_region_0_0 level = 0 loads = 0 drivers = 0
CDN_DP_region_0_0_c0 in sha256: area: 27912523700 , Decode = 2  Mux = 19  ctl_case = 1  other = 8  sg = slow     
    wns: 0  norm_wns:  -1.0000 
    tns:  0
 skipped
CDN_DP_region_0_0_c1 in sha256: area: 27912523700 , Decode = 2  Mux = 19  other = 31  sg = fast     
    wns: 0  norm_wns:  -1.0000 
    tns:  0
 is current best
CDN_DP_region_0_0_c2 in sha256: area: 27912523700 , Decode = 2  Mux = 19  other = 31  sg = very_slow
    wns: 0  norm_wns:  -1.0000 
    tns:  0
 is current best
CDN_DP_region_0_0_c3 in sha256: area: 27912523700 , Decode = 2  Mux = 19  other = 31  sg = very_fast
    wns: 0  norm_wns:  -1.0000 
    tns:  0
 is current best
CDN_DP_region_0_0_c4 in sha256: area: 27912523700 , Decode = 2  Mux = 19  other = 31  sg = very_fast
    wns: 0  norm_wns:  -1.0000 
    tns:  0
 is current best
CDN_DP_region_0_0_c5 in sha256: area: 27912523700 , Decode = 2  Mux = 19  other = 31  sg = very_fast
    wns: 0  norm_wns:  -1.0000 
    tns:  0
 is current best
CDN_DP_region_0_0_c6 in sha256: area: 27912523700 , Decode = 2  Mux = 19  other = 31  sg = very_fast
    wns: 0  norm_wns:  -1.0000 
    tns:  0
 is current best
CDN_DP_region_0_0_c7 in sha256: area: 27912523700 , Decode = 2  Mux = 19  other = 31  sg = very_fast
    wns: 0  norm_wns:  -1.0000 
    tns:  0
 is current best
Best config: CDN_DP_region_0_0_c7 in sha256: area: 27912523700 , Decode = 2  Mux = 19  other = 31  sg = very_fast
    wns: 0  norm_wns:  -1.0000 
    tns:  0
  Smallest config area : 27912523700.  Fastest config wns;  0
##>+----------------------------------------------------------------------------------------------------------------------------------------------------------------+
##>Summary table of configs (Best config is CDN_DP_region_0_0_c7)
##>+----------------------------------------------------------------------------------------------------------------------------------------------------------------+
##>                     0                  1                  2                  3                  4                  5                  6                  7            
##>+----------------------------------------------------------------------------------------------------------------------------------------------------------------+
##>           Area      27912523700        27912523700        27912523700        27912523700        27912523700        27912523700        27912523700        27912523700  
##>            WNS          +802.70            +802.70            +802.70            +802.70            +802.70            +802.70            +802.70            +802.70  
##>            TNS                0                  0                  0                  0                  0                  0                  0                  0  
##>    Num Rewrite                0                  0                  0                  0                  0                  0                  0                  0  
##>      Num Share                0                  0                  0                  0                  0                  0                  0                  0  
##>  Num Speculate                0                  0                  0                  0                  0                  0                  0                  0  
##>     Num Decode                2                  2                  2                  2                  2                  2                  2                  2  
##>        Num Mux               19                 19                 19                 19                 19                 19                 19                 19  
##>   Num ctl_case                1                  0                  0                  0                  0                  0                  0                  0  
##>      Num other                8                 31                 31                 31                 31                 31                 31                 31  
##>     Runtime(s)                0                  0                  0                  0                  0                  0                  0                  0  
+----------------------------------------------------------------------------------------------------------------------------------------------------------------+
##>
##>
##>+-----------------------------------------------------------------------------------------------------------------------------------------------------------------------------------------------------+
##>Optimization Step DEBUG Table for config CDN_DP_region_0_0_c7
##>
##>                          Step                        Area   (  % Chg)         WNS (Change)          TNS (Change)                Power   (  % Chg)        Runtime (s)        Comment                   
##>+-----------------------------------------------------------------------------------------------------------------------------------------------------------------------------------------------------+
##>EquationExtraction              START            27912523700 (       )      802.70 (        )          0 (        )                    0 (       )              
##>                                  END            27912523700 (  +0.00)      802.70 (   +0.00)          0 (       0)                    0 (  +0.00)           0  
##>createMaxCarrySave              START            27912523700 (  +0.00)      802.70 (   +0.00)          0 (       0)                    0 (  +0.00)              
##> datapath_rewrite_one_def       START            27912523700 (  +0.00)      802.70 (   +0.00)          0 (       0)                    0 (  +0.00)              
##>                                  END            27912523700 (  +0.00)      802.70 (   +0.00)          0 (       0)                    0 (  +0.00)           0  
##> csa_opto                       START            27912523700 (  +0.00)      802.70 (   +0.00)          0 (       0)                    0 (  +0.00)              
##>                                  END            27912523700 (  +0.00)      802.70 (   +0.00)          0 (       0)                    0 (  +0.00)           0  
##>                                  END            27912523700 (  +0.00)      802.70 (   +0.00)          0 (       0)                    0 (  +0.00)           0  
##>canonicalize_by_names           START            27912523700 (  +0.00)      802.70 (   +0.00)          0 (       0)                    0 (  +0.00)              
##>                                  END            27912523700 (  +0.00)      802.70 (   +0.00)          0 (       0)                    0 (  +0.00)           0  
##>datapath_rewrite_post_csa_one_  START            27912523700 (  +0.00)      802.70 (   +0.00)          0 (       0)                    0 (  +0.00)              
##>                                  END            27912523700 (  +0.00)      802.70 (   +0.00)          0 (       0)                    0 (  +0.00)           0  
##>datapath_csa_factoring_one_gde  START            27912523700 (  +0.00)      802.70 (   +0.00)          0 (       0)                    0 (  +0.00)              
##>                                  END            27912523700 (  +0.00)      802.70 (   +0.00)          0 (       0)                    0 (  +0.00)           0  
##>dpopt_share_one_def             START            27912523700 (  +0.00)      802.70 (   +0.00)          0 (       0)                    0 (  +0.00)              
##>                                  END            27912523700 (  +0.00)      802.70 (   +0.00)          0 (       0)                    0 (  +0.00)           0  
##>datapath_rewrite_post_share     START            27912523700 (  +0.00)      802.70 (   +0.00)          0 (       0)                    0 (  +0.00)              
##>                                  END            27912523700 (  +0.00)      802.70 (   +0.00)          0 (       0)                    0 (  +0.00)           0  
##>dp_combine_const_mult_with_com  START            27912523700 (  +0.00)      802.70 (   +0.00)          0 (       0)                    0 (  +0.00)              
##>                                  END            27912523700 (  +0.00)      802.70 (   +0.00)          0 (       0)                    0 (  +0.00)           0  
##>dp_operator_level_decompositio  START            27912523700 (  +0.00)      802.70 (   +0.00)          0 (       0)                    0 (  +0.00)              
##>                                  END            27912523700 (  +0.00)      802.70 (   +0.00)          0 (       0)                    0 (  +0.00)           0  
##>selective_flatten_dp_config     START            27912523700 (  +0.00)      802.70 (   +0.00)          0 (       0)                    0 (  +0.00)              
##>                                  END            27912523700 (  +0.00)      802.70 (   +0.00)          0 (       0)                    0 (  +0.00)           0  
##>createMaxCarrySave              START            27912523700 (  +0.00)      802.70 (   +0.00)          0 (       0)                    0 (  +0.00)              
##> datapath_rewrite_one_def       START            27912523700 (  +0.00)      802.70 (   +0.00)          0 (       0)                    0 (  +0.00)              
##>  fast_cse_elim                 START            27912523700 (  +0.00)      802.70 (   +0.00)          0 (       0)                    0 (  +0.00)              
##>                                  END            27912523700 (  +0.00)      802.70 (   +0.00)          0 (       0)                    0 (  +0.00)           0  
##>  fast_cse_elim                 START            27912523700 (  +0.00)      802.70 (   +0.00)          0 (       0)                    0 (  +0.00)              
##>                                  END            27912523700 (  +0.00)      802.70 (   +0.00)          0 (       0)                    0 (  +0.00)           0  
##>                                  END            27912523700 (  +0.00)      802.70 (   +0.00)          0 (       0)                    0 (  +0.00)           0  
##> csa_opto                       START            27912523700 (  +0.00)      802.70 (   +0.00)          0 (       0)                    0 (  +0.00)              
##>                                  END            27912523700 (  +0.00)      802.70 (   +0.00)          0 (       0)                    0 (  +0.00)           0  
##>                                  END            27912523700 (  +0.00)      802.70 (   +0.00)          0 (       0)                    0 (  +0.00)           0  
##>context_based_simplify          START            27912523700 (  +0.00)      802.70 (   +0.00)          0 (       0)                    0 (  +0.00)              
##>                                  END            27912523700 (  +0.00)      802.70 (   +0.00)          0 (       0)                    0 (  +0.00)           0  
##>group_csa_final_adder_dp        START            27912523700 (  +0.00)      802.70 (   +0.00)          0 (       0)                    0 (  +0.00)              
##>                                  END            27912523700 (  +0.00)      802.70 (   +0.00)          0 (       0)                    0 (  +0.00)           0  
##>dpopt_flatten_critical_muxes_i  START            27912523700 (  +0.00)      802.70 (   +0.00)          0 (       0)                    0 (  +0.00)              
##>                                  END            27912523700 (  +0.00)      802.70 (   +0.00)          0 (       0)                    0 (  +0.00)           0  
##>create_score                    START            27912523700 (  +0.00)      802.70 (   +0.00)          0 (       0)                    0 (  +0.00)              
##>                                  END            27912523700 (  +0.00)      802.70 (   +0.00)          0 (       0)                    0 (  +0.00)           0  
##>+-----------------------------------------------------------------------------------------------------------------------------------------------------------------------------------------------------+
Committed config: CDN_DP_region_0_0_c7
Info    : Done implementing datapath configurations. [DPOPT-4]
        : Selected 'very_fast' configuration 7 for module 'CDN_DP_region_0_0_c7'.
          Optimizations applied to 'very_fast' configuration:
            rewriting(0), factoring(0), sharing(0), cmultcse(0), downsizing(0), speculation(0)
Info:  Ungrouped 0 dp-cluster instances.  0 cluster instances were left intact, to aid verification.

==========================
 Sanity Check for POST-DATAPATH 
==========================
     DPOPT_INTERNAL_HIER check : PASS
 Components naming style check : PASS
==========================

Info    : Done optimizing datapath logic. [DPOPT-2]
        : Done optimizing datapath logic in 'sha256'.
Number of big hc bmuxes after = 0
Starting bit-level redundancy removal [v1.0] (stage: post_rtlopt, startdef: sha256, recur: true)
Bit-level redundancy removal for def sha256 (round= 0, cands= 27, i/o= 14/20)
Bit-level redundancy removal for def sha256 (round= 1, cands= 27, i/o= 14/20)
Bit-level redundancy removal for def sha256_core (round= 0, cands= 71, i/o= 25/24)
Bit-level redundancy removal for def sha256_core (round= 1, cands= 71, i/o= 25/24)
Bit-level redundancy removal for def sha256_core (round= 2, cands= 71, i/o= 25/24)
Bit-level redundancy removal for def sha256_core (round= 3, cands= 71, i/o= 25/24)
Bit-level redundancy removal for def sha256_k_constants (round= 0, cands= 0, i/o= 0/0)
Bit-level redundancy removal for def sha256_k_constants (round= 1, cands= 0, i/o= 0/0)
Completed bit-level redundancy removal (accepts: 1, rejects: 0, runtime: 1.361s)
Starting logic reduction [v1.0] (stage: post_rtlopt, startdef: sha256, recur: true)
Completed logic reduction (accepts: 0, rejects: 0, runtime: 0.001s)
Starting mux data reorder optimization [v1.0] (stage: post_rtlopt, startdef: sha256, recur: true)
Completed mux data reorder optimization (accepts: 0, rejects: 0, runtime: 0.000s)
Starting timing based select reordering [v1.0] (stage: post_rtlopt, startdef: sha256, recur: true)
Completed timing based select reordering (accepts: 0, rejects: 0, runtime: 0.620s)

Stage: post_rtlopt
----------------------------------------------------------------
| Transform                  | Accepts | Rejects | Runtime (s) | 
----------------------------------------------------------------
| hlo_redundancy_removal_bit |       1 |       0 |        1.36 | 
| hlo_logic_reduction        |       0 |       0 |        0.00 | 
| hlo_mux_reorder            |       0 |       0 |        0.00 | 
| hlo_timing_reorder         |       0 |       0 |        0.62 | 
----------------------------------------------------------------
Running post blast mux optimization. Please follow up with Cadence support if runtime issues are seen with this optimization.
Running post blast mux optimization. Please follow up with Cadence support if runtime issues are seen with this optimization.
Starting mux speculation [v1.0] (stage: post_muxopt, startdef: sha256, recur: true)
Starting speculation optimization
Completed speculation optimization (accepts:0)
Completed mux speculation (accepts: 0, rejects: 0, runtime: 0.620s)
Starting timing based select reordering [v1.0] (stage: post_muxopt, startdef: sha256, recur: true)
Completed timing based select reordering (accepts: 0, rejects: 0, runtime: 0.555s)

Stage: post_muxopt
--------------------------------------------------------
| Transform          | Accepts | Rejects | Runtime (s) | 
--------------------------------------------------------
| hlo_speculation    |       0 |       0 |        0.62 | 
| hlo_timing_reorder |       0 |       0 |        0.56 | 
--------------------------------------------------------
==================================
Stage : to_generic 
==================================
  =================
   Message Summary
  =================
------------------------------------------------------------------------------------------------------------------------------------------------------------------------------------------------------------------------------------------------------------------------
|   Id    |  Sev  |Count|                                                                                                                 Message Text                                                                                                                 |
------------------------------------------------------------------------------------------------------------------------------------------------------------------------------------------------------------------------------------------------------------------------
|CDFG-250 |Info   |    2|Processing multi-dimensional arrays.                                                                                                                                                                                                          |
|CDFG-372 |Info   |   69|Bitwidth mismatch in assignment.                                                                                                                                                                                                              |
|         |       |     |Review and make sure the mismatch is intentional. Genus can possibly issue bitwidth mismatch warning for explicit assignments present in RTL as-well-as for implicit assignments inferred by the tool. For example, in case of enum           |
|         |       |     | declaration without value, the tool will implicitly assign value to the enum variables. It also issues the warning for any bitwidth mismatch that appears in this implicit assignment.                                                       |
|CDFG-567 |Info   |    3|Instantiating Subdesign.                                                                                                                                                                                                                      |
|CDFG-738 |Info   |    3|Common subexpression eliminated.                                                                                                                                                                                                              |
|CDFG-739 |Info   |    3|Common subexpression kept.                                                                                                                                                                                                                    |
|CDFG-769 |Info   |    2|Identified sum-of-products logic to be optimized during syn_generic.                                                                                                                                                                          |
|CDFG-893 |Info   |    1|Optimized the MUX created for array read / write or variable shifter.                                                                                                                                                                         |
|CWD-19   |Info   |  369|An implementation was inferred.                                                                                                                                                                                                               |
|DPOPT-1  |Info   |    1|Optimizing datapath logic.                                                                                                                                                                                                                    |
|DPOPT-2  |Info   |    1|Done optimizing datapath logic.                                                                                                                                                                                                               |
|DPOPT-3  |Info   |    7|Implementing datapath configurations.                                                                                                                                                                                                         |
|DPOPT-4  |Info   |    7|Done implementing datapath configurations.                                                                                                                                                                                                    |
|DPOPT-6  |Info   |    1|Pre-processed datapath logic.                                                                                                                                                                                                                 |
|ELAB-1   |Info   |    1|Elaborating Design.                                                                                                                                                                                                                           |
|ELAB-2   |Info   |    3|Elaborating Subdesign.                                                                                                                                                                                                                        |
|ELAB-3   |Info   |    1|Done Elaborating Design.                                                                                                                                                                                                                      |
|GB-6     |Info   |    6|A datapath component has been ungrouped.                                                                                                                                                                                                      |
|GLO-51   |Info   |    1|Hierarchical instance automatically ungrouped.                                                                                                                                                                                                |
|         |       |     |Hierarchical instances can be automatically ungrouped to allow for better area or timing optimization. To prevent this ungroup, set the root-level attribute 'auto_ungroup' to 'none'. You can also prevent individual ungroup with setting   |
|         |       |     | the attribute 'ungroup_ok' of instances or modules to 'false'.                                                                                                                                                                               |
|GLO-62   |Info   |   32|On tool_generated instance/module 'strict_no' is set.                                                                                                                                                                                         |
|         |       |     |This shall only be used for special purposes like formal verification.                                                                                                                                                                        |
|LBR-155  |Info   |    2|Mismatch in unateness between 'timing_sense' attribute and the function.                                                                                                                                                                      |
|         |       |     |The 'timing_sense' attribute will be respected.                                                                                                                                                                                               |
|LBR-162  |Info   |   17|Both 'pos_unate' and 'neg_unate' timing_sense arcs have been processed.                                                                                                                                                                       |
|         |       |     |Setting the 'timing_sense' to non_unate.                                                                                                                                                                                                      |
|LBR-412  |Info   |    5|Created nominal operating condition.                                                                                                                                                                                                          |
|         |       |     |The nominal operating condition is represented, either by the nominal PVT values specified in the library source (via nom_process,nom_voltage and nom_temperature respectively), or by the default PVT values (1.0,1.0,1.0).                  |
|PHYS-12  |Warning|    4|The variant range of wire parameters is too large. An example of wire parameters are, a WIDTH for layer, PITCH for layer, MINSPACING for layers, etc.                                                                                         |
|         |       |     |Check the consistency of the parameters, and see if you can ignore this message or you're using different LEF file with wrong parameters.                                                                                                     |
|PHYS-13  |Warning|    4|The value of the wire parameter is too big.                                                                                                                                                                                                   |
|         |       |     |Check the consistency of the specified wire parameter.                                                                                                                                                                                        |
|PHYS-14  |Warning|    4|The value of the wire parameter is too small.                                                                                                                                                                                                 |
|         |       |     |Check the consistency of the specified wire parameter.                                                                                                                                                                                        |
|PHYS-15  |Warning|   30|Missing wire parameter.                                                                                                                                                                                                                       |
|         |       |     |Check the wire parameter in LEF technology files.                                                                                                                                                                                             |
|PHYS-106 |Warning|    2|Site already defined before, duplicated site will be ignored.                                                                                                                                                                                 |
|PHYS-129 |Info   |    9|Via with no resistance will have a value of '0.0' assigned for resistance value.                                                                                                                                                              |
|         |       |     |If this is the expected behavior, this message can be ignored.                                                                                                                                                                                |
|PHYS-279 |Warning|  434|Physical cell not defined in library.                                                                                                                                                                                                         |
|         |       |     |Ensure that the proper library files are available and have been imported.                                                                                                                                                                    |
|PHYS-752 |Info   |    1|Partition Based Synthesis execution skipped.                                                                                                                                                                                                  |
|RTLOPT-40|Info   |    6|Transformed datapath macro.                                                                                                                                                                                                                   |
|SYNTH-1  |Info   |    1|Synthesizing.                                                                                                                                                                                                                                 |
|TIM-1000 |Info   |    1|Multimode clock gating check is disabled.                                                                                                                                                                                                     |
------------------------------------------------------------------------------------------------------------------------------------------------------------------------------------------------------------------------------------------------------------------------
	1068	 core/CDN_PAS_CONNECTED_MUXi
Ungrouping: core/CDN_PAS_CONNECTED_MUXi count=6748 ratio=1.0
Ungrouping: CDN_PAS_CONNECTED_MUXi count=1624 ratio=1.0
Current PLE settings:

Aspect ratio        : 1.000
Shrink factor       : 1.000
Scale of res/length : 1.000
Scale of cap/length : 1.000
Net derating factor : 1.000
Thermal factor      : 1.000
Via Resistance      : 10.000 ohm (from qrc_tech_file)
Site size           : 1.224 um (from lef [tech+cell])

                                   Capacitance    
  Layer                             / Length           Data source:
Name        Direction Utilization  (pF/micron)         qrc_tech_file
--------------------------------------------------
lisd            V         0.00        0.000041    
m1              H         1.00        0.000051    
m2              V         1.00        0.000048    
m3              H         1.00        0.000044    
m4              V         1.00        0.000051    
m5              H         1.00        0.000052    
m6              V         1.00        0.000057    
m7              H         1.00        0.000048    
m8              V         1.00        0.000050    
m9              H         1.00        0.000198 ** 

** = 'm9' is dropped because its width (8) is too large (threshold 2)

                                    Resistance     
  Layer                              / Length           Data source:
Name        Direction Utilization  (ohm/micron)         qrc_tech_file
---------------------------------------------------
lisd            V         0.00        13.888889    
m1              H         1.00        16.955556    
m2              V         1.00        16.955556    
m3              H         1.00        11.744444    
m4              V         1.00        10.273666    
m5              H         1.00         7.259849    
m6              V         1.00         6.770644    
m7              H         1.00         5.201982    
m8              V         1.00         4.830952    
m9              H         1.00         0.078322 ** 

** = 'm9' is dropped because its width (8) is too large (threshold 2)

                                        Area       
  Layer                               / Length          Data source:
Name        Direction Utilization     (micron)          lef_library
---------------------------------------------------
M1              V         0.00         0.072000    
M2              H         1.00         0.072000    
M3              V         1.00         0.072000    
M4              H         1.00         0.096000    
M5              V         1.00         0.096000    
M6              H         1.00         0.128000    
M7              V         1.00         0.128000    
M8              H         1.00         0.160000    
M9              V         1.00         0.160000    
Pad             H         1.00         8.000000 ** 

** = 'Pad' is dropped because its width (8) is too large (threshold 2)

Mapper: Libraries have:
	domain _default_: 167 combo usable cells and 23 sequential usable cells
Info    : Deleting instances not driving any primary outputs. [GLO-34]
        : Deleting 6 sequential instances.
        : Optimizations such as constant propagation or redundancy removal could change the connections so a hierarchical instance does not drive any primary outputs anymore. To see the list of deleted hierarchical instances, set the 'information_level' attribute to 2 or above. If the message is truncated set the message attribute 'truncate' to false to see the complete list. To prevent this optimization, set the 'delete_unloaded_insts' root/subdesign attribute to 'false' or 'preserve' instance attribute to 'true'.
Multi-threaded Virtual Mapping    (8 threads per ST process, 8 of 80 CPUs usable)
Normal Structuring mode def=cb_part
Normal Structuring mode def=WALLACE_CSA_DUMMY_OP3_group_4
Normal Structuring mode def=sha256_k_constants
Working on Hinst: CDN_PAS_SKIP_FFC_0i
[gig_analyze] should_ungroup = 0
[gig_analyze] should_ungroup = 0
[gig_analyze] should_ungroup = 0
[gig_analyze] should_ungroup = 0
[gig_analyze] should_ungroup = 0
[gig_analyze] should_ungroup = 1
Ungrouping hinst:hinst:iopt_partition/CDN_PAS_SKIP_FFC_0i
Normal Structuring mode def=cb_part_595
Normal Structuring mode def=cb_part_593
Normal Structuring mode def=WALLACE_CSA_DUMMY_OP_group_5714
Normal Structuring mode def=WALLACE_CSA_DUMMY_OP1_group_6
Normal Structuring mode def=add_unsigned_17_481
Working on Hinst: CDN_PAS_SKIP_FFC_0i
[gig_analyze] should_ungroup = 1
Ungrouping hinst:hinst:iopt_partition/CDN_PAS_SKIP_FFC_0i
Normal Structuring mode def=add_unsigned_17_485
Normal Structuring mode def=add_unsigned_17_484
Normal Structuring mode def=add_unsigned_17
Normal Structuring mode def=cb_part_596
Normal Structuring mode def=cb_seq
Normal Structuring mode def=cb_oseq
Normal Structuring mode def=cb_seq_597
Normal Structuring mode def=cb_seq_590
==================================
Stage : first_condense 
==================================
  =================
   Message Summary
  =================
------------------------------------------------------------------------------------------------------------------------------------------------------------------------------------------------------------------------------------------------------------------------
|  Id  |Sev |Count|                                                                                                                    Message Text                                                                                                                    |
------------------------------------------------------------------------------------------------------------------------------------------------------------------------------------------------------------------------------------------------------------------------
|GB-6  |Info|    2|A datapath component has been ungrouped.                                                                                                                                                                                                            |
|GLO-34|Info|    1|Deleting instances not driving any primary outputs.                                                                                                                                                                                                 |
|      |    |     |Optimizations such as constant propagation or redundancy removal could change the connections so a hierarchical instance does not drive any primary outputs anymore. To see the list of deleted hierarchical instances, set the 'information_level' |
|      |    |     | attribute to 2 or above. If the message is truncated set the message attribute 'truncate' to false to see the complete list. To prevent this optimization, set the 'delete_unloaded_insts' root/subdesign attribute to 'false' or 'preserve'       |
|      |    |     | instance attribute to 'true'.                                                                                                                                                                                                                      |
|GLO-42|Info|    6|Equivalent sequential instances have been merged.                                                                                                                                                                                                   |
|      |    |     |To prevent merging of sequential instances, set the 'optimize_merge_flops' and 'optimize_merge_latches' root attributes to 'false' or the 'optimize_merge_seq' instance attribute to 'false'.                                                       |
|GLO-62|Info|  355|On tool_generated instance/module 'strict_no' is set.                                                                                                                                                                                               |
|      |    |     |This shall only be used for special purposes like formal verification.                                                                                                                                                                              |
------------------------------------------------------------------------------------------------------------------------------------------------------------------------------------------------------------------------------------------------------------------------
 
Global mapping target info
==========================
Cost Group 'clk' target slack:    29 ps
Target path end-point (Pin: core/H6_reg_reg[31]/d)

/home/zabideen/ASIC_Projects/tutorial_genus/run/.st_launch_engr-r940s01.engr.uidaho.edu_2374498

State Retention Synthesis Status
================================

Category                        Flops   Percentage
--------------------------------------------------
Total instances                  1806        100.0
Excluded from State Retention    1806        100.0
    - Will not convert           1806        100.0
      - Preserved                   0          0.0
      - Power intent excluded    1806        100.0
    - Could not convert             0          0.0
      - Scan type                   0          0.0
      - No suitable cell            0          0.0
State Retention instances           0          0.0
--------------------------------------------------

Starting post first-condense unobservable FF removal
Detecting unobservable FF's ... (design is not uniquified)
Detected 0 unobservable FF's cputime(detection/total) = 0.254 /0.522 seconds
Unobservable FF redundancy removal succeeded.
Done post first-condense unobservable FF removal (2.00 cpu seconds) (1.00 elapsed cpu seconds)
Advanced structuring report (syn_gen):
---------------------------------------------------------------------------------------------------------------------
|                             | Graph                | Opt. Graph           | Result          |                     | 
|-----------------------------+----------------------+----------------------+-----------------+---------------------|
| Name                | Tag   | #nodes | #and | #lvl | #nodes | #and | #lvl | Acc | Time      | Netlist ID          | 
---------------------------------------------------------------------------------------------------------------------
| cb_part_596         | FCOPT |      0 |    0 |    0 |      0 |    0 |    0 | N   |      0.06 | cb_part_596         | 
| cb_oseq             | FCOPT |   6809 |  148 |   29 |   6764 |  103 |   10 | Y   |      3.68 | cb_oseq             | 
| sha256_k_constants  | FCOPT |    749 |  710 |   27 |    636 |  597 |   11 | Y   |     37.55 | sha256_k_constants  | 
---------------------------------------------------------------------------------------------------------------------
Number of LFLHs filtered from table: 7
Runtime accepts/rejects/total =    45.24 /     2.02 /    47.26
Accepts/rejects/total = 7 / 3 / 10
Sum of reduced nodes/levels = 503 / 111
PBS_Generic_Opt-Post - Elapsed_Time 244, CPU_Time 241.751742
stamp 'PBS_Generic_Opt-Post' being created for table 'pbs_debug'

  Total Time (Wall) |  Stage Time (Wall)  |   % (Wall)   |    Date - Time     |  Memory   | Stage
--------------------+---------------------+--------------+--------------------+-----------+----------------------
 00:00:59(00:01:19) |  00:00:00(00:00:00) |   0.0(  0.0) |   13:58:09 (Feb20) |   1.07 GB | PBS_Generic-Start
--------------------+---------------------+--------------+--------------------+-----------+----------------------
 00:05:03(00:05:26) |  00:04:04(00:04:07) | 100.0(100.0) |   14:02:16 (Feb20) |   1.61 GB | PBS_Generic_Opt-Post
--------------------+---------------------+--------------+--------------------+-----------+----------------------
Number of threads: 8 * 1   (id: pbs_debug, time_info v1.57)
Info: (*N*) indicates data that was populated from previously saved time_info database
Info: CPU time includes time of parent + longest thread
PBS_Generic-Postgen HBO Optimizations - Elapsed_Time 1, CPU_Time 0.0
stamp 'PBS_Generic-Postgen HBO Optimizations' being created for table 'pbs_debug'

  Total Time (Wall) |  Stage Time (Wall)  |   % (Wall)   |    Date - Time     |  Memory   | Stage
--------------------+---------------------+--------------+--------------------+-----------+----------------------
 00:00:59(00:01:19) |  00:00:00(00:00:00) |   0.0(  0.0) |   13:58:09 (Feb20) |   1.07 GB | PBS_Generic-Start
--------------------+---------------------+--------------+--------------------+-----------+----------------------
 00:05:03(00:05:26) |  00:04:04(00:04:07) | 100.0( 99.6) |   14:02:16 (Feb20) |   1.61 GB | PBS_Generic_Opt-Post
--------------------+---------------------+--------------+--------------------+-----------+----------------------
 00:05:03(00:05:27) |  00:00:00(00:00:01) |   0.0(  0.4) |   14:02:17 (Feb20) |   1.61 GB | PBS_Generic-Postgen HBO Optimizations
--------------------+---------------------+--------------+--------------------+-----------+----------------------
Number of threads: 8 * 1   (id: pbs_debug, time_info v1.57)
Info: (*N*) indicates data that was populated from previously saved time_info database
Info: CPU time includes time of parent + longest thread
Starting post syn_generic ultra-effort Boolean optimization
Redundancy removal succeeded.
Done post syn_generic ultra-effort Boolean optimization (1.00 cpu seconds) (0.00 elapsed cpu seconds)
Info    : Done synthesizing. [SYNTH-2]
        : Done synthesizing 'sha256' to generic gates.
##>=================== Cadence Confidential (Generic-Logical) ===================
##>=================== Cadence Confidential (Generic-Logical) ===================
      flow.cputime  flow.realtime  timing.setup.tns  timing.setup.wns  snapshot
UM:*                                                                   syn_gen
@file(genus.tcl) 85: syn_map
#----------------------------------------------------------------------------------------
# Root attributes for category: opt
#----------------------------------------------------------------------------------------
# Feature                           | Attribute                    | Value            
#----------------------------------------------------------------------------------------
# Avoid tied inputs                 | avoid_tied_inputs            | false (default)  
# Allow floating outputs            | opt_allow_floating_outputs   | false (default)  
# Power optimization effort         | design_power_effort          | none (default)   
# Do not use qbar sequential pins   | dont_use_qbar_seq_pins       | false (default)  
#----------------------------------------------------------------------------------------

##Generic Timing Info: typical gate delay   19.6 ps   std_slew:    3.7 ps   std_load:  0.8 fF  for library domain _default_
Mapping ChipWare ICG instances in sha256
Found 0 unmapped ChipWare ICG instances
Mapped 0 of 0 ChipWare ICG instances
Current PLE settings:

Aspect ratio        : 1.000
Shrink factor       : 1.000
Scale of res/length : 1.000
Scale of cap/length : 1.000
Net derating factor : 1.000
Thermal factor      : 1.000
Via Resistance      : 10.000 ohm (from qrc_tech_file)
Site size           : 1.224 um (from lef [tech+cell])

                                   Capacitance    
  Layer                             / Length           Data source:
Name        Direction Utilization  (pF/micron)         qrc_tech_file
--------------------------------------------------
lisd            V         0.00        0.000041    
m1              H         1.00        0.000051    
m2              V         1.00        0.000048    
m3              H         1.00        0.000044    
m4              V         1.00        0.000051    
m5              H         1.00        0.000052    
m6              V         1.00        0.000057    
m7              H         1.00        0.000048    
m8              V         1.00        0.000050    
m9              H         1.00        0.000198 ** 

** = 'm9' is dropped because its width (8) is too large (threshold 2)

                                    Resistance     
  Layer                              / Length           Data source:
Name        Direction Utilization  (ohm/micron)         qrc_tech_file
---------------------------------------------------
lisd            V         0.00        13.888889    
m1              H         1.00        16.955556    
m2              V         1.00        16.955556    
m3              H         1.00        11.744444    
m4              V         1.00        10.273666    
m5              H         1.00         7.259849    
m6              V         1.00         6.770644    
m7              H         1.00         5.201982    
m8              V         1.00         4.830952    
m9              H         1.00         0.078322 ** 

** = 'm9' is dropped because its width (8) is too large (threshold 2)

                                        Area       
  Layer                               / Length          Data source:
Name        Direction Utilization     (micron)          lef_library
---------------------------------------------------
M1              V         0.00         0.072000    
M2              H         1.00         0.072000    
M3              V         1.00         0.072000    
M4              H         1.00         0.096000    
M5              V         1.00         0.096000    
M6              H         1.00         0.128000    
M7              V         1.00         0.128000    
M8              H         1.00         0.160000    
M9              V         1.00         0.160000    
Pad             H         1.00         8.000000 ** 

** = 'Pad' is dropped because its width (8) is too large (threshold 2)

Info    : Mapping. [SYNTH-4]
        : Mapping 'sha256' using 'high' effort.
Mapper: Libraries have:
	domain _default_: 167 combo usable cells and 23 sequential usable cells
PBS_TechMap-Start - Elapsed_Time 0, CPU_Time 0.0
stamp 'PBS_TechMap-Start' being created for table 'pbs_debug'

  Total Time (Wall) |  Stage Time (Wall)  |   % (Wall)   |    Date - Time     |  Memory   | Stage
--------------------+---------------------+--------------+--------------------+-----------+----------------------
 00:00:59(00:01:19) |  00:00:00(00:00:00) |   0.0(  0.0) |   13:58:09 (Feb20) |   1.07 GB | PBS_Generic-Start
--------------------+---------------------+--------------+--------------------+-----------+----------------------
 00:05:03(00:05:26) |  00:04:04(00:04:07) |  98.4( 98.4) |   14:02:16 (Feb20) |   1.61 GB | PBS_Generic_Opt-Post
--------------------+---------------------+--------------+--------------------+-----------+----------------------
 00:05:03(00:05:27) |  00:00:00(00:00:01) |   0.0(  0.4) |   14:02:17 (Feb20) |   1.61 GB | PBS_Generic-Postgen HBO Optimizations
--------------------+---------------------+--------------+--------------------+-----------+----------------------
 00:05:07(00:05:30) |  00:00:04(00:00:03) |   1.6(  1.2) |   14:02:20 (Feb20) |   1.61 GB | PBS_TechMap-Start
--------------------+---------------------+--------------+--------------------+-----------+----------------------
Number of threads: 8 * 1   (id: pbs_debug, time_info v1.57)
Info: (*N*) indicates data that was populated from previously saved time_info database
Info: CPU time includes time of parent + longest thread
PBS_TechMap-Premap HBO Optimizations - Elapsed_Time 0, CPU_Time 0.0
stamp 'PBS_TechMap-Premap HBO Optimizations' being created for table 'pbs_debug'

  Total Time (Wall) |  Stage Time (Wall)  |   % (Wall)   |    Date - Time     |  Memory   | Stage
--------------------+---------------------+--------------+--------------------+-----------+----------------------
 00:00:59(00:01:19) |  00:00:00(00:00:00) |   0.0(  0.0) |   13:58:09 (Feb20) |   1.07 GB | PBS_Generic-Start
--------------------+---------------------+--------------+--------------------+-----------+----------------------
 00:05:03(00:05:26) |  00:04:04(00:04:07) |  98.4( 98.4) |   14:02:16 (Feb20) |   1.61 GB | PBS_Generic_Opt-Post
--------------------+---------------------+--------------+--------------------+-----------+----------------------
 00:05:03(00:05:27) |  00:00:00(00:00:01) |   0.0(  0.4) |   14:02:17 (Feb20) |   1.61 GB | PBS_Generic-Postgen HBO Optimizations
--------------------+---------------------+--------------+--------------------+-----------+----------------------
 00:05:07(00:05:30) |  00:00:04(00:00:03) |   1.6(  1.2) |   14:02:20 (Feb20) |   1.61 GB | PBS_TechMap-Start
--------------------+---------------------+--------------+--------------------+-----------+----------------------
 00:05:07(00:05:30) |  00:00:00(00:00:00) |   0.0(  0.0) |   14:02:20 (Feb20) |   1.61 GB | PBS_TechMap-Premap HBO Optimizations
--------------------+---------------------+--------------+--------------------+-----------+----------------------
Number of threads: 8 * 1   (id: pbs_debug, time_info v1.57)
Info: (*N*) indicates data that was populated from previously saved time_info database
Info: CPU time includes time of parent + longest thread
Info    : Partition Based Synthesis execution skipped. [PHYS-752]
        : Design size is less than the partition size '100000' for distributed mapping optimization to kick in.
Current PLE settings:

Aspect ratio        : 1.000
Shrink factor       : 1.000
Scale of res/length : 1.000
Scale of cap/length : 1.000
Net derating factor : 1.000
Thermal factor      : 1.000
Via Resistance      : 10.000 ohm (from qrc_tech_file)
Site size           : 1.224 um (from lef [tech+cell])

                                   Capacitance    
  Layer                             / Length           Data source:
Name        Direction Utilization  (pF/micron)         qrc_tech_file
--------------------------------------------------
lisd            V         0.00        0.000041    
m1              H         1.00        0.000051    
m2              V         1.00        0.000048    
m3              H         1.00        0.000044    
m4              V         1.00        0.000051    
m5              H         1.00        0.000052    
m6              V         1.00        0.000057    
m7              H         1.00        0.000048    
m8              V         1.00        0.000050    
m9              H         1.00        0.000198 ** 

** = 'm9' is dropped because its width (8) is too large (threshold 2)

                                    Resistance     
  Layer                              / Length           Data source:
Name        Direction Utilization  (ohm/micron)         qrc_tech_file
---------------------------------------------------
lisd            V         0.00        13.888889    
m1              H         1.00        16.955556    
m2              V         1.00        16.955556    
m3              H         1.00        11.744444    
m4              V         1.00        10.273666    
m5              H         1.00         7.259849    
m6              V         1.00         6.770644    
m7              H         1.00         5.201982    
m8              V         1.00         4.830952    
m9              H         1.00         0.078322 ** 

** = 'm9' is dropped because its width (8) is too large (threshold 2)

                                        Area       
  Layer                               / Length          Data source:
Name        Direction Utilization     (micron)          lef_library
---------------------------------------------------
M1              V         0.00         0.072000    
M2              H         1.00         0.072000    
M3              V         1.00         0.072000    
M4              H         1.00         0.096000    
M5              V         1.00         0.096000    
M6              H         1.00         0.128000    
M7              V         1.00         0.128000    
M8              H         1.00         0.160000    
M9              V         1.00         0.160000    
Pad             H         1.00         8.000000 ** 

** = 'Pad' is dropped because its width (8) is too large (threshold 2)

Mapper: Libraries have:
	domain _default_: 167 combo usable cells and 23 sequential usable cells
Multi-threaded Virtual Mapping    (8 threads per ST process, 8 of 80 CPUs usable)
Normal Structuring mode def=sha256_k_constants
Working on Hinst: CDN_PAS_SKIP_FFC_0i
[gig_analyze] should_ungroup = 0
[gig_analyze] should_ungroup = 0
[gig_analyze] should_ungroup = 0
[gig_analyze] should_ungroup = 0
[gig_analyze] should_ungroup = 0
[gig_analyze] should_ungroup = 0

INFO: Identified hierarchy for CAS: hinst:iopt_partition/CDN_PAS_SKIP_FFC_0i

Normal Structuring mode def=cb_part
Normal Structuring mode def=add_unsigned_17_488
Normal Structuring mode def=add_unsigned_17
Normal Structuring mode def=add_unsigned_17_484
Normal Structuring mode def=add_unsigned_17_482
Normal Structuring mode def=add_unsigned_17_485
Normal Structuring mode def=WALLACE_CSA_DUMMY_OP3_group_4
Normal Structuring mode def=cb_part_601
Working on Hinst: CDN_PAS_CONNECTED_FFCi
[gig_analyze] should_ungroup = 0
[gig_analyze] should_ungroup = 0
[gig_analyze] should_ungroup = 0
[gig_analyze] should_ungroup = 0
[gig_analyze] should_ungroup = 0
[gig_analyze] should_ungroup = 0

INFO: Identified hierarchy for CAS: hinst:iopt_partition/CDN_PAS_CONNECTED_FFCi

Working on Hinst: CDN_PAS_CONNECTED_FFCi229
[gig_analyze] should_ungroup = 0
[gig_analyze] should_ungroup = 0
[gig_analyze] should_ungroup = 0
[gig_analyze] should_ungroup = 0
[gig_analyze] should_ungroup = 0
[gig_analyze] should_ungroup = 0

INFO: Identified hierarchy for CAS: hinst:iopt_partition/CDN_PAS_CONNECTED_FFCi229

Working on Hinst: CDN_PAS_SKIP_FFC_0i
[gig_analyze] should_ungroup = 0
[gig_analyze] should_ungroup = 0
[gig_analyze] should_ungroup = 0
[gig_analyze] should_ungroup = 0
[gig_analyze] should_ungroup = 0
[gig_analyze] should_ungroup = 0

INFO: Identified hierarchy for CAS: hinst:iopt_partition/CDN_PAS_SKIP_FFC_0i

Normal Structuring mode def=cb_oseq_600
Working on Hinst: CDN_PAS_SKIP_FFC_0i
[gig_analyze] should_ungroup = 0
[gig_analyze] should_ungroup = 0
[gig_analyze] should_ungroup = 0
[gig_analyze] should_ungroup = 0
[gig_analyze] should_ungroup = 0
[gig_analyze] should_ungroup = 0

INFO: Identified hierarchy for CAS: hinst:iopt_partition/CDN_PAS_SKIP_FFC_0i

Normal Structuring mode def=WALLACE_CSA_DUMMY_OP_group_5714
Normal Structuring mode def=cb_seq_599
	513	 CDN_PAS_CONNECTED_FFCi769
	256	 CDN_PAS_CONNECTED_FFCi
Working on Hinst: CDN_PAS_CONNECTED_FFCi
[gig_analyze] should_ungroup = 0
[gig_analyze] should_ungroup = 0
[gig_analyze] should_ungroup = 0
[gig_analyze] should_ungroup = 0
[gig_analyze] should_ungroup = 0
[gig_analyze] should_ungroup = 0

INFO: Identified hierarchy for CAS: hinst:iopt_partition/CDN_PAS_CONNECTED_FFCi

Working on Hinst: CDN_PAS_SKIP_FFC_0i
[gig_analyze] should_ungroup = 0
[gig_analyze] should_ungroup = 0
[gig_analyze] should_ungroup = 0
[gig_analyze] should_ungroup = 0
[gig_analyze] should_ungroup = 0
[gig_analyze] should_ungroup = 0

INFO: Identified hierarchy for CAS: hinst:iopt_partition/CDN_PAS_SKIP_FFC_0i

Normal Structuring mode def=WALLACE_CSA_DUMMY_OP1_group_6
Normal Structuring mode def=add_unsigned_17_481
Normal Structuring mode def=cb_seq
	1033	 CDN_PAS_CONNECTED_FFCi1033
Working on Hinst: CDN_PAS_SKIP_FFC_0i
[gig_analyze] should_ungroup = 0
[gig_analyze] should_ungroup = 0
[gig_analyze] should_ungroup = 0
[gig_analyze] should_ungroup = 0
[gig_analyze] should_ungroup = 0
[gig_analyze] should_ungroup = 0

INFO: Identified hierarchy for CAS: hinst:iopt_partition/CDN_PAS_SKIP_FFC_0i

 
Global mapping target info
==========================
Cost Group 'clk' target slack:    30 ps
Target path end-point (Pin: core/H3_reg_reg[28]/d)

Multi-threaded Technology Mapping (8 threads per ST process, 8 of 80 CPUs usable)
Normal Structuring mode def=cb_seq
	1033	 CDN_PAS_CONNECTED_FFCi1033
Working on Hinst: CDN_PAS_SKIP_FFC_0i
[gig_analyze] should_ungroup = 0
[gig_analyze] should_ungroup = 0
[gig_analyze] should_ungroup = 0
[gig_analyze] should_ungroup = 0
[gig_analyze] should_ungroup = 0
[gig_analyze] should_ungroup = 0

INFO: Identified hierarchy for CAS: hinst:iopt_partition/CDN_PAS_SKIP_FFC_0i

Normal Structuring mode def=cb_seq_599
	513	 CDN_PAS_CONNECTED_FFCi769
	256	 CDN_PAS_CONNECTED_FFCi
Working on Hinst: CDN_PAS_CONNECTED_FFCi
[gig_analyze] should_ungroup = 0
[gig_analyze] should_ungroup = 0
[gig_analyze] should_ungroup = 0
[gig_analyze] should_ungroup = 0
[gig_analyze] should_ungroup = 0
[gig_analyze] should_ungroup = 0

INFO: Identified hierarchy for CAS: hinst:iopt_partition/CDN_PAS_CONNECTED_FFCi

Working on Hinst: CDN_PAS_SKIP_FFC_0i
[gig_analyze] should_ungroup = 0
[gig_analyze] should_ungroup = 0
[gig_analyze] should_ungroup = 0
[gig_analyze] should_ungroup = 0
[gig_analyze] should_ungroup = 0
[gig_analyze] should_ungroup = 0

INFO: Identified hierarchy for CAS: hinst:iopt_partition/CDN_PAS_SKIP_FFC_0i

Normal Structuring mode def=WALLACE_CSA_DUMMY_OP1_group_6
Normal Structuring mode def=WALLACE_CSA_DUMMY_OP1_group
Normal Structuring mode def=WALLACE_CSA_DUMMY_OP1_group
Normal Structuring mode def=WALLACE_CSA_DUMMY_OP1_group
Normal Structuring mode def=add_unsigned_17_481
Normal Structuring mode def=add_unsigned
Normal Structuring mode def=add_unsigned
Normal Structuring mode def=cb_oseq_600
Working on Hinst: CDN_PAS_SKIP_FFC_0i
[gig_analyze] should_ungroup = 0
[gig_analyze] should_ungroup = 0
[gig_analyze] should_ungroup = 0
[gig_analyze] should_ungroup = 0
[gig_analyze] should_ungroup = 0
[gig_analyze] should_ungroup = 0

INFO: Identified hierarchy for CAS: hinst:iopt_partition/CDN_PAS_SKIP_FFC_0i

Normal Structuring mode def=WALLACE_CSA_DUMMY_OP_group_5714
Normal Structuring mode def=WALLACE_CSA_DUMMY_OP_group
Normal Structuring mode def=WALLACE_CSA_DUMMY_OP_group
Normal Structuring mode def=WALLACE_CSA_DUMMY_OP_group
Normal Structuring mode def=cb_part_601
Working on Hinst: CDN_PAS_CONNECTED_FFCi226
[gig_analyze] should_ungroup = 0
[gig_analyze] should_ungroup = 0
[gig_analyze] should_ungroup = 0
[gig_analyze] should_ungroup = 0
[gig_analyze] should_ungroup = 0
[gig_analyze] should_ungroup = 0

INFO: Identified hierarchy for CAS: hinst:iopt_partition/CDN_PAS_CONNECTED_FFCi226

Working on Hinst: CDN_PAS_CONNECTED_FFCi231
[gig_analyze] should_ungroup = 0
[gig_analyze] should_ungroup = 0
[gig_analyze] should_ungroup = 0
[gig_analyze] should_ungroup = 0
[gig_analyze] should_ungroup = 0
[gig_analyze] should_ungroup = 0

INFO: Identified hierarchy for CAS: hinst:iopt_partition/CDN_PAS_CONNECTED_FFCi231

Working on Hinst: CDN_PAS_SKIP_FFC_0i
[gig_analyze] should_ungroup = 0
[gig_analyze] should_ungroup = 0
[gig_analyze] should_ungroup = 0
[gig_analyze] should_ungroup = 0
[gig_analyze] should_ungroup = 0
[gig_analyze] should_ungroup = 0

INFO: Identified hierarchy for CAS: hinst:iopt_partition/CDN_PAS_SKIP_FFC_0i

Normal Structuring mode def=WALLACE_CSA_DUMMY_OP3_group_4
Normal Structuring mode def=WALLACE_CSA_DUMMY_OP3_group
Normal Structuring mode def=WALLACE_CSA_DUMMY_OP3_group
Normal Structuring mode def=WALLACE_CSA_DUMMY_OP3_group
Normal Structuring mode def=sha256_k_constants
Working on Hinst: CDN_PAS_SKIP_FFC_0i
[gig_analyze] should_ungroup = 0
[gig_analyze] should_ungroup = 0
[gig_analyze] should_ungroup = 0
[gig_analyze] should_ungroup = 0
[gig_analyze] should_ungroup = 0
[gig_analyze] should_ungroup = 0

INFO: Identified hierarchy for CAS: hinst:iopt_partition/CDN_PAS_SKIP_FFC_0i

Normal Structuring mode def=cb_part
Working on Hinst: CDN_PAS_CONNECTED_FFCi116
[gig_analyze] should_ungroup = 0
[gig_analyze] should_ungroup = 0
[gig_analyze] should_ungroup = 0
[gig_analyze] should_ungroup = 0
[gig_analyze] should_ungroup = 0
[gig_analyze] should_ungroup = 0

INFO: Identified hierarchy for CAS: hinst:iopt_partition/CDN_PAS_CONNECTED_FFCi116

Working on Hinst: CDN_PAS_CONNECTED_FFCi117
[gig_analyze] should_ungroup = 0
[gig_analyze] should_ungroup = 0
[gig_analyze] should_ungroup = 0
[gig_analyze] should_ungroup = 0
[gig_analyze] should_ungroup = 0
[gig_analyze] should_ungroup = 0

INFO: Identified hierarchy for CAS: hinst:iopt_partition/CDN_PAS_CONNECTED_FFCi117

Normal Structuring mode def=add_unsigned_17_488
Normal Structuring mode def=add_unsigned
Normal Structuring mode def=add_unsigned
Normal Structuring mode def=add_unsigned_17
Normal Structuring mode def=add_unsigned
Normal Structuring mode def=add_unsigned
Normal Structuring mode def=add_unsigned_17_482
Normal Structuring mode def=add_unsigned
Normal Structuring mode def=add_unsigned
Normal Structuring mode def=add_unsigned_17_484
Normal Structuring mode def=add_unsigned
Normal Structuring mode def=add_unsigned
Normal Structuring mode def=add_unsigned_17_485
Normal Structuring mode def=add_unsigned
Normal Structuring mode def=add_unsigned
 
Global mapping status
=====================
                                   Group   
                                  Tot Wrst 
                           Total  Weighted 
Operation                   Area   Slacks  
 global_map                30928        0 

    Cost Group            Target    Slack    Diff.  Constr.
-----------------------------------------------------------
           clk                30      109              1000 

 
Global incremental target info
==============================
Cost Group 'clk' target slack:    20 ps
Target path end-point (Pin: core/a_reg_reg[31]/D (DFFASRHQNx1_ASAP7_75t_L/D))

==================================
Stage : global_incr_map 
==================================
  =================
   Message Summary
  =================
--------------------------------------------------------------------------------------------
|   Id   |Sev |Count|                             Message Text                             |
--------------------------------------------------------------------------------------------
|GLO-62  |Info| 5561|On tool_generated instance/module 'strict_no' is set.                 |
|        |    |     |This shall only be used for special purposes like formal verification.|
|PA-7    |Info|   30|Resetting power analysis results.                                     |
|        |    |     |All computed switching activities are removed.                        |
|PHYS-752|Info|    1|Partition Based Synthesis execution skipped.                          |
|SYNTH-2 |Info|    1|Done synthesizing.                                                    |
|SYNTH-4 |Info|    1|Mapping.                                                              |
--------------------------------------------------------------------------------------------
 
Global incremental optimization status
======================================
                                   Group   
                                  Tot Wrst 
                           Total  Weighted 
Operation                   Area   Slacks  
 global_incr               28814        0 

    Cost Group            Target    Slack    Diff.  Constr.
-----------------------------------------------------------
           clk                20       42              1000 

/home/zabideen/ASIC_Projects/tutorial_genus/run/.st_launch_engr-r940s01.engr.uidaho.edu_2374498

State Retention Synthesis Status
================================

Category                        Flops   Percentage
--------------------------------------------------
Total instances                  1806        100.0
Excluded from State Retention    1806        100.0
    - Will not convert           1806        100.0
      - Preserved                   0          0.0
      - Power intent excluded    1806        100.0
    - Could not convert             0          0.0
      - Scan type                   0          0.0
      - No suitable cell            0          0.0
State Retention instances           0          0.0
--------------------------------------------------

INFO: skipping constant propagation
PBS_Techmap-Global Mapping - Elapsed_Time 292, CPU_Time 275.65207499999997
stamp 'PBS_Techmap-Global Mapping' being created for table 'pbs_debug'

  Total Time (Wall) |  Stage Time (Wall)  |   % (Wall)   |    Date - Time     |  Memory   | Stage
--------------------+---------------------+--------------+--------------------+-----------+----------------------
 00:00:59(00:01:19) |  00:00:00(00:00:00) |   0.0(  0.0) |   13:58:09 (Feb20) |   1.07 GB | PBS_Generic-Start
--------------------+---------------------+--------------+--------------------+-----------+----------------------
 00:05:03(00:05:26) |  00:04:04(00:04:07) |  46.6( 45.5) |   14:02:16 (Feb20) |   1.61 GB | PBS_Generic_Opt-Post
--------------------+---------------------+--------------+--------------------+-----------+----------------------
 00:05:03(00:05:27) |  00:00:00(00:00:01) |   0.0(  0.2) |   14:02:17 (Feb20) |   1.61 GB | PBS_Generic-Postgen HBO Optimizations
--------------------+---------------------+--------------+--------------------+-----------+----------------------
 00:05:07(00:05:30) |  00:00:04(00:00:03) |   0.8(  0.6) |   14:02:20 (Feb20) |   1.61 GB | PBS_TechMap-Start
--------------------+---------------------+--------------+--------------------+-----------+----------------------
 00:05:07(00:05:30) |  00:00:00(00:00:00) |   0.0(  0.0) |   14:02:20 (Feb20) |   1.61 GB | PBS_TechMap-Premap HBO Optimizations
--------------------+---------------------+--------------+--------------------+-----------+----------------------
 00:09:43(00:10:22) |  00:04:35(00:04:52) |  52.6( 53.8) |   14:07:12 (Feb20) |   1.59 GB | PBS_Techmap-Global Mapping
--------------------+---------------------+--------------+--------------------+-----------+----------------------
Number of threads: 8 * 1   (id: pbs_debug, time_info v1.57)
Info: (*N*) indicates data that was populated from previously saved time_info database
Info: CPU time includes time of parent + longest thread
Advanced structuring report (syn_map):
-------------------------------------------------------------------------------------------------------------------------------
|                             | Graph                | Opt. Graph           | Result          |                               | 
|-----------------------------+----------------------+----------------------+-----------------+-------------------------------|
| Name                | Tag   | #nodes | #and | #lvl | #nodes | #and | #lvl | Acc | Time      | Netlist ID                    | 
-------------------------------------------------------------------------------------------------------------------------------
| cb_seq              | CONDE |  23014 |   23 |   91 |  23014 |   23 |    5 | N   |     21.26 | cb_seq                        | 
| cb_seq_599          | CONDE |  14168 |   22 |   26 |  14168 |   22 |    3 | N   |      7.99 | cb_seq_599                    | 
| cb_part_601         | CONDE |   5722 |  134 |   65 |   5720 |  132 |    4 | N   |      5.04 | cb_part_601                   | 
| cb_oseq_600         | CONDE |   5541 |   69 |   31 |   5536 |   64 |    7 | Y   |      7.44 | cb_oseq_600                   | 
| sha256_k_constants  | CONDE |   1411 |  220 |   33 |   1402 |  211 |    6 | Y   |      5.04 | sha256_k_constants            | 
-------------------------------------------------------------------------------------------------------------------------------
Number of LFLHs filtered from table: 23
Runtime accepts/rejects/total =    12.48 /    34.71 /    47.19
Accepts/rejects/total = 2 / 4 / 6
Sum of reduced nodes/levels = 14 / 51
-------------------------------------------------------------------------------------------------------------------------------
|                             | Graph                | Opt. Graph           | Result          |                               | 
|-----------------------------+----------------------+----------------------+-----------------+-------------------------------|
| Name                | Tag   | #nodes | #and | #lvl | #nodes | #and | #lvl | Acc | Time      | Netlist ID                    | 
-------------------------------------------------------------------------------------------------------------------------------
| cb_seq              | REIFI |  25358 |   24 |   90 |  25358 |   24 |    5 | N   |     22.41 | cb_seq                        | 
| cb_seq_599          | REIFI |  14168 |   22 |   26 |  14168 |   22 |    3 | N   |      8.70 |                               |
| cb_part_601         | REIFI |   5722 |  134 |   65 |   5720 |  132 |    4 | N   |      5.07 | cb_part_601                   | 
| cb_oseq_600         | REIFI |   5543 |   65 |   30 |   5541 |   63 |    7 | Y   |      5.68 | cb_oseq_600                   | 
| sha256_k_constants  | REIFI |   1419 |  213 |   31 |   1415 |  209 |    6 | N   |      4.91 |                               |
-------------------------------------------------------------------------------------------------------------------------------
Number of LFLHs filtered from table: 23
Runtime accepts/rejects/total =     5.68 /    46.43 /    52.11
Accepts/rejects/total = 1 / 11 / 12
Sum of reduced nodes/levels = 2 / 23
Info    : Wrote formal verification information. [CFM-5]
        : Wrote 'fv/sha256/fv_map.fv.json' for netlist 'fv/sha256/fv_map.v.gz'.
Info    : Wrote dofile. [CFM-1]
        : Dofile is 'fv/sha256/rtl_to_fv_map.do'.
        : RTL names flow is enabled.
PBS_TechMap-Datapath Postmap Operations - Elapsed_Time 9, CPU_Time 8.823931000000016
stamp 'PBS_TechMap-Datapath Postmap Operations' being created for table 'pbs_debug'

  Total Time (Wall) |  Stage Time (Wall)  |   % (Wall)   |    Date - Time     |  Memory   | Stage
--------------------+---------------------+--------------+--------------------+-----------+----------------------
 00:00:59(00:01:19) |  00:00:00(00:00:00) |   0.0(  0.0) |   13:58:09 (Feb20) |   1.07 GB | PBS_Generic-Start
--------------------+---------------------+--------------+--------------------+-----------+----------------------
 00:05:03(00:05:26) |  00:04:04(00:04:07) |  45.9( 44.7) |   14:02:16 (Feb20) |   1.61 GB | PBS_Generic_Opt-Post
--------------------+---------------------+--------------+--------------------+-----------+----------------------
 00:05:03(00:05:27) |  00:00:00(00:00:01) |   0.0(  0.2) |   14:02:17 (Feb20) |   1.61 GB | PBS_Generic-Postgen HBO Optimizations
--------------------+---------------------+--------------+--------------------+-----------+----------------------
 00:05:07(00:05:30) |  00:00:04(00:00:03) |   0.8(  0.5) |   14:02:20 (Feb20) |   1.61 GB | PBS_TechMap-Start
--------------------+---------------------+--------------+--------------------+-----------+----------------------
 00:05:07(00:05:30) |  00:00:00(00:00:00) |   0.0(  0.0) |   14:02:20 (Feb20) |   1.61 GB | PBS_TechMap-Premap HBO Optimizations
--------------------+---------------------+--------------+--------------------+-----------+----------------------
 00:09:43(00:10:22) |  00:04:35(00:04:52) |  51.7( 52.9) |   14:07:12 (Feb20) |   1.59 GB | PBS_Techmap-Global Mapping
--------------------+---------------------+--------------+--------------------+-----------+----------------------
 00:09:51(00:10:31) |  00:00:08(00:00:09) |   1.7(  1.6) |   14:07:21 (Feb20) |   1.59 GB | PBS_TechMap-Datapath Postmap Operations
--------------------+---------------------+--------------+--------------------+-----------+----------------------
Number of threads: 8 * 1   (id: pbs_debug, time_info v1.57)
Info: (*N*) indicates data that was populated from previously saved time_info database
Info: CPU time includes time of parent + longest thread
PBS_TechMap-Postmap HBO Optimizations - Elapsed_Time 1, CPU_Time 0.8281240000000025
stamp 'PBS_TechMap-Postmap HBO Optimizations' being created for table 'pbs_debug'

  Total Time (Wall) |  Stage Time (Wall)  |   % (Wall)   |    Date - Time     |  Memory   | Stage
--------------------+---------------------+--------------+--------------------+-----------+----------------------
 00:00:59(00:01:19) |  00:00:00(00:00:00) |   0.0(  0.0) |   13:58:09 (Feb20) |   1.07 GB | PBS_Generic-Start
--------------------+---------------------+--------------+--------------------+-----------+----------------------
 00:05:03(00:05:26) |  00:04:04(00:04:07) |  45.8( 44.7) |   14:02:16 (Feb20) |   1.61 GB | PBS_Generic_Opt-Post
--------------------+---------------------+--------------+--------------------+-----------+----------------------
 00:05:03(00:05:27) |  00:00:00(00:00:01) |   0.0(  0.2) |   14:02:17 (Feb20) |   1.61 GB | PBS_Generic-Postgen HBO Optimizations
--------------------+---------------------+--------------+--------------------+-----------+----------------------
 00:05:07(00:05:30) |  00:00:04(00:00:03) |   0.7(  0.5) |   14:02:20 (Feb20) |   1.61 GB | PBS_TechMap-Start
--------------------+---------------------+--------------+--------------------+-----------+----------------------
 00:05:07(00:05:30) |  00:00:00(00:00:00) |   0.0(  0.0) |   14:02:20 (Feb20) |   1.61 GB | PBS_TechMap-Premap HBO Optimizations
--------------------+---------------------+--------------+--------------------+-----------+----------------------
 00:09:43(00:10:22) |  00:04:35(00:04:52) |  51.6( 52.8) |   14:07:12 (Feb20) |   1.59 GB | PBS_Techmap-Global Mapping
--------------------+---------------------+--------------+--------------------+-----------+----------------------
 00:09:51(00:10:31) |  00:00:08(00:00:09) |   1.7(  1.6) |   14:07:21 (Feb20) |   1.59 GB | PBS_TechMap-Datapath Postmap Operations
--------------------+---------------------+--------------+--------------------+-----------+----------------------
 00:09:52(00:10:32) |  00:00:00(00:00:01) |   0.2(  0.2) |   14:07:22 (Feb20) |   1.59 GB | PBS_TechMap-Postmap HBO Optimizations
--------------------+---------------------+--------------+--------------------+-----------+----------------------
Number of threads: 8 * 1   (id: pbs_debug, time_info v1.57)
Info: (*N*) indicates data that was populated from previously saved time_info database
Info: CPU time includes time of parent + longest thread
 Doing ConstProp on design:sha256 ... 

Time taken by ConstProp Step: 00:00:01
PBS_TechMap-Postmap Clock Gating - Elapsed_Time 1, CPU_Time 1.0
stamp 'PBS_TechMap-Postmap Clock Gating' being created for table 'pbs_debug'

  Total Time (Wall) |  Stage Time (Wall)  |   % (Wall)   |    Date - Time     |  Memory   | Stage
--------------------+---------------------+--------------+--------------------+-----------+----------------------
 00:00:59(00:01:19) |  00:00:00(00:00:00) |   0.0(  0.0) |   13:58:09 (Feb20) |   1.07 GB | PBS_Generic-Start
--------------------+---------------------+--------------+--------------------+-----------+----------------------
 00:05:03(00:05:26) |  00:04:04(00:04:07) |  45.7( 44.6) |   14:02:16 (Feb20) |   1.61 GB | PBS_Generic_Opt-Post
--------------------+---------------------+--------------+--------------------+-----------+----------------------
 00:05:03(00:05:27) |  00:00:00(00:00:01) |   0.0(  0.2) |   14:02:17 (Feb20) |   1.61 GB | PBS_Generic-Postgen HBO Optimizations
--------------------+---------------------+--------------+--------------------+-----------+----------------------
 00:05:07(00:05:30) |  00:00:04(00:00:03) |   0.7(  0.5) |   14:02:20 (Feb20) |   1.61 GB | PBS_TechMap-Start
--------------------+---------------------+--------------+--------------------+-----------+----------------------
 00:05:07(00:05:30) |  00:00:00(00:00:00) |   0.0(  0.0) |   14:02:20 (Feb20) |   1.61 GB | PBS_TechMap-Premap HBO Optimizations
--------------------+---------------------+--------------+--------------------+-----------+----------------------
 00:09:43(00:10:22) |  00:04:35(00:04:52) |  51.5( 52.7) |   14:07:12 (Feb20) |   1.59 GB | PBS_Techmap-Global Mapping
--------------------+---------------------+--------------+--------------------+-----------+----------------------
 00:09:51(00:10:31) |  00:00:08(00:00:09) |   1.6(  1.6) |   14:07:21 (Feb20) |   1.59 GB | PBS_TechMap-Datapath Postmap Operations
--------------------+---------------------+--------------+--------------------+-----------+----------------------
 00:09:52(00:10:32) |  00:00:00(00:00:01) |   0.2(  0.2) |   14:07:22 (Feb20) |   1.59 GB | PBS_TechMap-Postmap HBO Optimizations
--------------------+---------------------+--------------+--------------------+-----------+----------------------
 00:09:53(00:10:33) |  00:00:01(00:00:01) |   0.2(  0.2) |   14:07:23 (Feb20) |   1.59 GB | PBS_TechMap-Postmap Clock Gating
--------------------+---------------------+--------------+--------------------+-----------+----------------------
Number of threads: 8 * 1   (id: pbs_debug, time_info v1.57)
Info: (*N*) indicates data that was populated from previously saved time_info database
Info: CPU time includes time of parent + longest thread
-------------------------------------------------------------------------------
 hi_fo_buf                 29078        0         0         0        0

           Trick     Calls     Accepts   Attempts    Time(secs) 
-----------------------------------------------------------
       hi_fo_buf         8  (        8 /        8 )  0.82

 
Incremental optimization status
===============================
                                   Group   
                                  Tot Wrst     Total - - DRC Totals - -
                           Total  Weighted      Neg      Max       Max 
Operation                   Area   Slacks      Slack    Trans      Cap 
 init_delay                29078        0         0         0        0

           Trick     Calls     Accepts   Attempts    Time(secs) 
-----------------------------------------------------------
       crit_upsz         0  (        0 /        0 )  0.00
    plc_bal_star         0  (        0 /        0 )  0.00
     drc_buftimb         0  (        0 /        0 )  0.00
          plc_st         0  (        0 /        0 )  0.00
    plc_st_fence         0  (        0 /        0 )  0.00
        plc_star         0  (        0 /        0 )  0.00
      plc_laf_st         0  (        0 /        0 )  0.00
 plc_laf_st_fence         0  (        0 /        0 )  0.00
     drc_buftims         0  (        0 /        0 )  0.00
            fopt         0  (        0 /        0 )  0.00
   plc_laf_lo_st         0  (        0 /        0 )  0.00
       plc_lo_st         0  (        0 /        0 )  0.00
        mb_split         0  (        0 /        0 )  0.00

 
Local TNS optimization status
=============================
                                   Group   
                                  Tot Wrst     Total - - DRC Totals - -
                           Total  Weighted      Neg      Max       Max 
Operation                   Area   Slacks      Slack    Trans      Cap 
 init_tns                  29078        0         0         0        0

           Trick     Calls     Accepts   Attempts    Time(secs) 
-----------------------------------------------------------
    plc_bal_star         0  (        0 /        0 )  0.00
     drc_buftimb         0  (        0 /        0 )  0.00
     drc_buftims         0  (        0 /        0 )  0.00
       crit_upsz         0  (        0 /        0 )  0.00
   plc_laf_lo_st         0  (        0 /        0 )  0.00
       plc_lo_st         0  (        0 /        0 )  0.00
            fopt         0  (        0 /        0 )  0.00
       crit_dnsz         0  (        0 /        0 )  0.00
             dup         0  (        0 /        0 )  0.00
        setup_dn         0  (        0 /        0 )  0.00
        mb_split         0  (        0 /        0 )  0.00

PBS_TechMap-Postmap Cleanup - Elapsed_Time 1, CPU_Time 1.757816000000048
stamp 'PBS_TechMap-Postmap Cleanup' being created for table 'pbs_debug'

  Total Time (Wall) |  Stage Time (Wall)  |   % (Wall)   |    Date - Time     |  Memory   | Stage
--------------------+---------------------+--------------+--------------------+-----------+----------------------
 00:00:59(00:01:19) |  00:00:00(00:00:00) |   0.0(  0.0) |   13:58:09 (Feb20) |   1.07 GB | PBS_Generic-Start
--------------------+---------------------+--------------+--------------------+-----------+----------------------
 00:05:03(00:05:26) |  00:04:04(00:04:07) |  45.6( 44.5) |   14:02:16 (Feb20) |   1.61 GB | PBS_Generic_Opt-Post
--------------------+---------------------+--------------+--------------------+-----------+----------------------
 00:05:03(00:05:27) |  00:00:00(00:00:01) |   0.0(  0.2) |   14:02:17 (Feb20) |   1.61 GB | PBS_Generic-Postgen HBO Optimizations
--------------------+---------------------+--------------+--------------------+-----------+----------------------
 00:05:07(00:05:30) |  00:00:04(00:00:03) |   0.7(  0.5) |   14:02:20 (Feb20) |   1.61 GB | PBS_TechMap-Start
--------------------+---------------------+--------------+--------------------+-----------+----------------------
 00:05:07(00:05:30) |  00:00:00(00:00:00) |   0.0(  0.0) |   14:02:20 (Feb20) |   1.61 GB | PBS_TechMap-Premap HBO Optimizations
--------------------+---------------------+--------------+--------------------+-----------+----------------------
 00:09:43(00:10:22) |  00:04:35(00:04:52) |  51.4( 52.6) |   14:07:12 (Feb20) |   1.59 GB | PBS_Techmap-Global Mapping
--------------------+---------------------+--------------+--------------------+-----------+----------------------
 00:09:51(00:10:31) |  00:00:08(00:00:09) |   1.6(  1.6) |   14:07:21 (Feb20) |   1.59 GB | PBS_TechMap-Datapath Postmap Operations
--------------------+---------------------+--------------+--------------------+-----------+----------------------
 00:09:52(00:10:32) |  00:00:00(00:00:01) |   0.2(  0.2) |   14:07:22 (Feb20) |   1.59 GB | PBS_TechMap-Postmap HBO Optimizations
--------------------+---------------------+--------------+--------------------+-----------+----------------------
 00:09:53(00:10:33) |  00:00:01(00:00:01) |   0.2(  0.2) |   14:07:23 (Feb20) |   1.59 GB | PBS_TechMap-Postmap Clock Gating
--------------------+---------------------+--------------+--------------------+-----------+----------------------
 00:09:55(00:10:34) |  00:00:01(00:00:01) |   0.3(  0.2) |   14:07:24 (Feb20) |   1.59 GB | PBS_TechMap-Postmap Cleanup
--------------------+---------------------+--------------+--------------------+-----------+----------------------
Number of threads: 8 * 1   (id: pbs_debug, time_info v1.57)
Info: (*N*) indicates data that was populated from previously saved time_info database
Info: CPU time includes time of parent + longest thread
PBS_Techmap-Post_MBCI - Elapsed_Time 0, CPU_Time 0.0
stamp 'PBS_Techmap-Post_MBCI' being created for table 'pbs_debug'

  Total Time (Wall) |  Stage Time (Wall)  |   % (Wall)   |    Date - Time     |  Memory   | Stage
--------------------+---------------------+--------------+--------------------+-----------+----------------------
 00:00:59(00:01:19) |  00:00:00(00:00:00) |   0.0(  0.0) |   13:58:09 (Feb20) |   1.07 GB | PBS_Generic-Start
--------------------+---------------------+--------------+--------------------+-----------+----------------------
 00:05:03(00:05:26) |  00:04:04(00:04:07) |  45.6( 44.5) |   14:02:16 (Feb20) |   1.61 GB | PBS_Generic_Opt-Post
--------------------+---------------------+--------------+--------------------+-----------+----------------------
 00:05:03(00:05:27) |  00:00:00(00:00:01) |   0.0(  0.2) |   14:02:17 (Feb20) |   1.61 GB | PBS_Generic-Postgen HBO Optimizations
--------------------+---------------------+--------------+--------------------+-----------+----------------------
 00:05:07(00:05:30) |  00:00:04(00:00:03) |   0.7(  0.5) |   14:02:20 (Feb20) |   1.61 GB | PBS_TechMap-Start
--------------------+---------------------+--------------+--------------------+-----------+----------------------
 00:05:07(00:05:30) |  00:00:00(00:00:00) |   0.0(  0.0) |   14:02:20 (Feb20) |   1.61 GB | PBS_TechMap-Premap HBO Optimizations
--------------------+---------------------+--------------+--------------------+-----------+----------------------
 00:09:43(00:10:22) |  00:04:35(00:04:52) |  51.4( 52.6) |   14:07:12 (Feb20) |   1.59 GB | PBS_Techmap-Global Mapping
--------------------+---------------------+--------------+--------------------+-----------+----------------------
 00:09:51(00:10:31) |  00:00:08(00:00:09) |   1.6(  1.6) |   14:07:21 (Feb20) |   1.59 GB | PBS_TechMap-Datapath Postmap Operations
--------------------+---------------------+--------------+--------------------+-----------+----------------------
 00:09:52(00:10:32) |  00:00:00(00:00:01) |   0.2(  0.2) |   14:07:22 (Feb20) |   1.59 GB | PBS_TechMap-Postmap HBO Optimizations
--------------------+---------------------+--------------+--------------------+-----------+----------------------
 00:09:53(00:10:33) |  00:00:01(00:00:01) |   0.2(  0.2) |   14:07:23 (Feb20) |   1.59 GB | PBS_TechMap-Postmap Clock Gating
--------------------+---------------------+--------------+--------------------+-----------+----------------------
 00:09:55(00:10:34) |  00:00:01(00:00:01) |   0.3(  0.2) |   14:07:24 (Feb20) |   1.59 GB | PBS_TechMap-Postmap Cleanup
--------------------+---------------------+--------------+--------------------+-----------+----------------------
 00:09:55(00:10:34) |  00:00:00(00:00:00) |   0.0(  0.0) |   14:07:24 (Feb20) |   1.59 GB | PBS_Techmap-Post_MBCI
--------------------+---------------------+--------------+--------------------+-----------+----------------------
Number of threads: 8 * 1   (id: pbs_debug, time_info v1.57)
Info: (*N*) indicates data that was populated from previously saved time_info database
Info: CPU time includes time of parent + longest thread
##>=================== Cadence Confidential (Mapping-Logical) ===================
##>Main Thread Summary:
##>----------------------------------------------------------------------------------------
##>STEP                           Elapsed       WNS       TNS     Insts      Area    Memory
##>----------------------------------------------------------------------------------------
##>M:Initial                            0         -         -     19015     31332      1607
##>M:Early Clock Gating                 0         -         -         -         -         -
##>M:Pre Cleanup                        0         -         -     19015     31332      1607
##>M:Setup                              0         -         -         -         -         -
##>M:Launch ST                          0         -         -         -         -         -
##>M:Design Partition                   0         -         -         -         -         -
##>M:Create Partition Netlists          0         -         -         -         -         -
##>M:Init Power                         0         -         -         -         -         -
##>M:Budgeting                          0         -         -         -         -         -
##>M:Derenv-DB                          0         -         -         -         -         -
##>M:Debug Outputs                      0         -         -         -         -         -
##>M:ST loading                         0         -         -         -         -         -
##>M:Distributed                        0         -         -         -         -         -
##>M:Timer                              0         -         -         -         -         -
##>M:Assembly                           0         -         -         -         -         -
##>M:DFT                                0         -         -         -         -         -
##>M:DP Operations                      9         -         -      8470     21062      1585
##>M:Const Prop                         0        42         0      8470     21062      1585
##>M:Cleanup                            1        47         0      8571     21276      1585
##>M:MBCI                               0         -         -      8571     21276      1585
##>M:PostGen Opt                        0         -         -         -         -         -
##>M:Const Gate Removal                 0         -         -         -         -         -
##>M:Early Clock Gating Cleanup         0         -         -         -         -         -
##>M:Misc                             294
##>----------------------------------------------------------------------------------------
##>Total Elapsed                      304
##>========================================================================================
Info    : Done mapping. [SYNTH-5]
        : Done mapping 'sha256'.
      flow.cputime  flow.realtime  timing.setup.tns  timing.setup.wns  snapshot
UM:*                                                                   syn_map
@file(genus.tcl) 88: syn_opt
Warning : The selected flow setting will be removed in a future release. [SYNTH-33]
        : The use of 'syn_opt' for logical only optimization will be obsolete in a future release.
	Transition to 'syn_opt -logical' or 'syn_opt -spatial'.

        : Contact Cadence support to understand current flows.
Current PLE settings:

Aspect ratio        : 1.000
Shrink factor       : 1.000
Scale of res/length : 1.000
Scale of cap/length : 1.000
Net derating factor : 1.000
Thermal factor      : 1.000
Via Resistance      : 10.000 ohm (from qrc_tech_file)
Site size           : 1.224 um (from lef [tech+cell])

                                   Capacitance    
  Layer                             / Length           Data source:
Name        Direction Utilization  (pF/micron)         qrc_tech_file
--------------------------------------------------
lisd            V         0.00        0.000041    
m1              H         1.00        0.000051    
m2              V         1.00        0.000048    
m3              H         1.00        0.000044    
m4              V         1.00        0.000051    
m5              H         1.00        0.000052    
m6              V         1.00        0.000057    
m7              H         1.00        0.000048    
m8              V         1.00        0.000050    
m9              H         1.00        0.000198 ** 

** = 'm9' is dropped because its width (8) is too large (threshold 2)

                                    Resistance     
  Layer                              / Length           Data source:
Name        Direction Utilization  (ohm/micron)         qrc_tech_file
---------------------------------------------------
lisd            V         0.00        13.888889    
m1              H         1.00        16.955556    
m2              V         1.00        16.955556    
m3              H         1.00        11.744444    
m4              V         1.00        10.273666    
m5              H         1.00         7.259849    
m6              V         1.00         6.770644    
m7              H         1.00         5.201982    
m8              V         1.00         4.830952    
m9              H         1.00         0.078322 ** 

** = 'm9' is dropped because its width (8) is too large (threshold 2)

                                        Area       
  Layer                               / Length          Data source:
Name        Direction Utilization     (micron)          lef_library
---------------------------------------------------
M1              V         0.00         0.072000    
M2              H         1.00         0.072000    
M3              V         1.00         0.072000    
M4              H         1.00         0.096000    
M5              V         1.00         0.096000    
M6              H         1.00         0.128000    
M7              V         1.00         0.128000    
M8              H         1.00         0.160000    
M9              V         1.00         0.160000    
Pad             H         1.00         8.000000 ** 

** = 'Pad' is dropped because its width (8) is too large (threshold 2)

Info    : Incrementally optimizing. [SYNTH-7]
        : Incrementally optimizing 'sha256' using 'high' effort.
 
Incremental optimization status
===============================
                                   Group   
                                  Tot Wrst     Total - - DRC Totals - -
                           Total  Weighted      Neg      Max       Max 
Operation                   Area   Slacks      Slack    Trans      Cap 
 init_iopt                 29078        0         0         0        0
-------------------------------------------------------------------------------
 const_prop                29078        0         0         0        0
 simp_cc_inputs            29071        0         0         0        0
-------------------------------------------------------------------------------
 hi_fo_buf                 29071        0         0         0        0

           Trick     Calls     Accepts   Attempts    Time(secs) 
-----------------------------------------------------------
       hi_fo_buf         0  (        0 /        0 )  0.00

 
Incremental optimization status
===============================
                                   Group   
                                  Tot Wrst     Total - - DRC Totals - -
                           Total  Weighted      Neg      Max       Max 
Operation                   Area   Slacks      Slack    Trans      Cap 
 init_delay                29071        0         0         0        0

           Trick     Calls     Accepts   Attempts    Time(secs) 
-----------------------------------------------------------
        crit_msz         0  (        0 /        0 )  0.00
       crit_upsz         0  (        0 /        0 )  0.00
       crit_slew         0  (        0 /        0 )  0.00
        setup_dn         0  (        0 /        0 )  0.00
    plc_bal_star         0  (        0 /        0 )  0.00
     drc_buftimb         0  (        0 /        0 )  0.00
          plc_st         0  (        0 /        0 )  0.00
    plc_st_fence         0  (        0 /        0 )  0.00
        plc_star         0  (        0 /        0 )  0.00
      plc_laf_st         0  (        0 /        0 )  0.00
 plc_laf_st_fence         0  (        0 /        0 )  0.00
     drc_buftims         0  (        0 /        0 )  0.00
   plc_laf_lo_st         0  (        0 /        0 )  0.00
       plc_lo_st         0  (        0 /        0 )  0.00
            fopt         0  (        0 /        0 )  0.00
       crit_swap         0  (        0 /        0 )  0.00
       mux2_swap         0  (        0 /        0 )  0.00
       crit_dnsz         0  (        0 /        0 )  0.00
       load_swap         0  (        0 /        0 )  0.00
            fopt         0  (        0 /        0 )  0.00
        setup_dn         0  (        0 /        0 )  0.00
       load_isol         0  (        0 /        0 )  0.00
       load_isol         0  (        0 /        0 )  0.00
        move_for         0  (        0 /        0 )  0.00
        move_for         0  (        0 /        0 )  0.00
          rem_bi         0  (        0 /        0 )  0.00
         offload         0  (        0 /        0 )  0.00
          rem_bi         0  (        0 /        0 )  0.00
         offload         0  (        0 /        0 )  0.00
           phase         0  (        0 /        0 )  0.00
        in_phase         0  (        0 /        0 )  0.00
       merge_bit         0  (        0 /        0 )  0.00
     merge_idrvr         0  (        0 /        0 )  0.00
     merge_iload         0  (        0 /        0 )  0.00
    merge_idload         0  (        0 /        0 )  0.00
      merge_drvr         0  (        0 /        0 )  0.00
      merge_load         0  (        0 /        0 )  0.00
          decomp         0  (        0 /        0 )  0.00
        p_decomp         0  (        0 /        0 )  0.00
        levelize         0  (        0 /        0 )  0.00
        mb_split         0  (        0 /        0 )  0.00
             dup         0  (        0 /        0 )  0.00
      mux_retime         0  (        0 /        0 )  0.00
         buf2inv         0  (        0 /        0 )  0.00
             exp         0  (        0 /        0 )  0.00
       gate_deco         0  (        0 /        0 )  0.00
       gcomp_tim         0  (        0 /        0 )  0.00
  inv_pair_2_buf         0  (        0 /        0 )  0.00


           Trick     Calls     Accepts   Attempts    Time(secs) 
-----------------------------------------------------------
         crr_220         0  (        0 /        0 )  0.00
        crr_glob         0  (        0 /        0 )  0.00
         crr_200         0  (        0 /        0 )  0.00
        crr_glob         0  (        0 /        0 )  0.00
         crr_300         0  (        0 /        0 )  0.00
        crr_glob         0  (        0 /        0 )  0.00
         crr_400         0  (        0 /        0 )  0.00
        crr_glob         0  (        0 /        0 )  0.00
         crr_111         0  (        0 /        0 )  0.00
        crr_glob         0  (        0 /        0 )  0.00
         crr_210         0  (        0 /        0 )  0.00
        crr_glob         0  (        0 /        0 )  0.00
         crr_110         0  (        0 /        0 )  0.00
        crr_glob         0  (        0 /        0 )  0.00
         crr_101         0  (        0 /        0 )  0.00
        crr_glob         0  (        0 /        0 )  0.00
         crr_201         0  (        0 /        0 )  0.00
        crr_glob         0  (        0 /        0 )  0.00
         crr_211         0  (        0 /        0 )  0.00
        crr_glob         0  (        0 /        0 )  0.00
        crit_msz         0  (        0 /        0 )  0.00
       crit_upsz         0  (        0 /        0 )  0.00
       crit_slew         0  (        0 /        0 )  0.00
        setup_dn         0  (        0 /        0 )  0.00
    plc_bal_star         0  (        0 /        0 )  0.00
     drc_buftimb         0  (        0 /        0 )  0.00
          plc_st         0  (        0 /        0 )  0.00
    plc_st_fence         0  (        0 /        0 )  0.00
        plc_star         0  (        0 /        0 )  0.00
      plc_laf_st         0  (        0 /        0 )  0.00
 plc_laf_st_fence         0  (        0 /        0 )  0.00
     drc_buftims         0  (        0 /        0 )  0.00
       plc_lo_st         0  (        0 /        0 )  0.00
            fopt         0  (        0 /        0 )  0.00
       crit_swap         0  (        0 /        0 )  0.00
       mux2_swap         0  (        0 /        0 )  0.00
       crit_dnsz         0  (        0 /        0 )  0.00
       load_swap         0  (        0 /        0 )  0.00
            fopt         0  (        0 /        0 )  0.00
        setup_dn         0  (        0 /        0 )  0.00
       load_isol         0  (        0 /        0 )  0.00
       load_isol         0  (        0 /        0 )  0.00
        move_for         0  (        0 /        0 )  0.00
        move_for         0  (        0 /        0 )  0.00
          rem_bi         0  (        0 /        0 )  0.00
         offload         0  (        0 /        0 )  0.00
          rem_bi         0  (        0 /        0 )  0.00
         offload         0  (        0 /        0 )  0.00
       merge_bit         0  (        0 /        0 )  0.00
     merge_idrvr         0  (        0 /        0 )  0.00
     merge_iload         0  (        0 /        0 )  0.00
    merge_idload         0  (        0 /        0 )  0.00
      merge_drvr         0  (        0 /        0 )  0.00
      merge_load         0  (        0 /        0 )  0.00
           phase         0  (        0 /        0 )  0.00
          decomp         0  (        0 /        0 )  0.00
        p_decomp         0  (        0 /        0 )  0.00
        levelize         0  (        0 /        0 )  0.00
        mb_split         0  (        0 /        0 )  0.00
        in_phase         0  (        0 /        0 )  0.00
             dup         0  (        0 /        0 )  0.00
      mux_retime         0  (        0 /        0 )  0.00
         buf2inv         0  (        0 /        0 )  0.00
             exp         0  (        0 /        0 )  0.00
       gate_deco         0  (        0 /        0 )  0.00
       gcomp_tim         0  (        0 /        0 )  0.00
  inv_pair_2_buf         0  (        0 /        0 )  0.00
 init_drc                  29071        0         0         0        0

           Trick     Calls     Accepts   Attempts    Time(secs) 
-----------------------------------------------------------
          plc_st         0  (        0 /        0 )  0.00
        plc_star         0  (        0 /        0 )  0.00
        drc_bufs         0  (        0 /        0 )  0.00
        drc_fopt         0  (        0 /        0 )  0.00
        drc_bufb         0  (        0 /        0 )  0.00
      simple_buf         0  (        0 /        0 )  0.00
             dup         0  (        0 /        0 )  0.00
       crit_dnsz         0  (        0 /        0 )  0.00
       crit_upsz         0  (        0 /        0 )  0.00
       crit_slew         0  (        0 /        0 )  0.00


           Trick     Calls     Accepts   Attempts    Time(secs) 
-----------------------------------------------------------
          plc_st         0  (        0 /        0 )  0.00
        plc_star         0  (        0 /        0 )  0.00
      drc_buf_sp         0  (        0 /        0 )  0.00
        drc_bufs         0  (        0 /        0 )  0.00
        drc_fopt         0  (        0 /        0 )  0.00
        drc_bufb         0  (        0 /        0 )  0.00
      simple_buf         0  (        0 /        0 )  0.00
             dup         0  (        0 /        0 )  0.00
       crit_dnsz         0  (        0 /        0 )  0.00
       crit_upsz         0  (        0 /        0 )  0.00


           Trick     Calls     Accepts   Attempts    Time(secs) 
-----------------------------------------------------------
          plc_st         0  (        0 /        0 )  0.00
        plc_star         0  (        0 /        0 )  0.00
      drc_buf_sp         0  (        0 /        0 )  0.00
        drc_bufs         0  (        0 /        0 )  0.00
        drc_fopt         0  (        0 /        0 )  0.00
        drc_bufb         0  (        0 /        0 )  0.00
             dup         0  (        0 /        0 )  0.00
       crit_dnsz         0  (        0 /        0 )  0.00
       crit_upsz         0  (        0 /        0 )  0.00

 init_tns                  29071        0         0         0        0

           Trick     Calls     Accepts   Attempts    Time(secs) 
-----------------------------------------------------------
            fopt         0  (        0 /        0 )  0.00
    plc_bal_star         0  (        0 /        0 )  0.00
     drc_buftimb         0  (        0 /        0 )  0.00
     drc_buftims         0  (        0 /        0 )  0.00
        crit_msz         0  (        0 /        0 )  0.00
       crit_upsz         0  (        0 /        0 )  0.00
   plc_laf_lo_st         0  (        0 /        0 )  0.00
       plc_lo_st         0  (        0 /        0 )  0.00
       crit_swap         0  (        0 /        0 )  0.00
       mux2_swap         0  (        0 /        0 )  0.00
       crit_dnsz         0  (        0 /        0 )  0.00
       load_swap         0  (        0 /        0 )  0.00
            fopt         0  (        0 /        0 )  0.00
        setup_dn         0  (        0 /        0 )  0.00
       load_isol         0  (        0 /        0 )  0.00
       load_isol         0  (        0 /        0 )  0.00
        move_for         0  (        0 /        0 )  0.00
        move_for         0  (        0 /        0 )  0.00
          rem_bi         0  (        0 /        0 )  0.00
         offload         0  (        0 /        0 )  0.00
          rem_bi         0  (        0 /        0 )  0.00
         offload         0  (        0 /        0 )  0.00
       merge_bit         0  (        0 /        0 )  0.00
     merge_idrvr         0  (        0 /        0 )  0.00
     merge_iload         0  (        0 /        0 )  0.00
    merge_idload         0  (        0 /        0 )  0.00
      merge_drvr         0  (        0 /        0 )  0.00
      merge_load         0  (        0 /        0 )  0.00
           phase         0  (        0 /        0 )  0.00
          decomp         0  (        0 /        0 )  0.00
        p_decomp         0  (        0 /        0 )  0.00
        levelize         0  (        0 /        0 )  0.00
        mb_split         0  (        0 /        0 )  0.00
             dup         0  (        0 /        0 )  0.00
      mux_retime         0  (        0 /        0 )  0.00
       crr_local         0  (        0 /        0 )  0.00
         buf2inv         0  (        0 /        0 )  0.00

 init_area                 29071        0         0         0        0
 rem_buf                   28829        0         0         0        0
 rem_inv                   28803        0         0         0        0
 merge_bi                  28752        0         0         0        0
 io_phase                  28747        0         0         0        0
 gate_comp                 28553        0         0         0        0
 gcomp_mog                 28349        0         0         0        0
 glob_area                 28343        0         0         0        0
 area_down                 28339        0         0         0        0

           Trick     Calls     Accepts   Attempts    Time(secs) 
-----------------------------------------------------------
           undup         0  (        0 /        0 )  0.05
         rem_buf       127  (      102 /      102 )  1.25
         rem_inv        18  (       15 /       15 )  0.23
        merge_bi        26  (       24 /       24 )  0.51
      rem_inv_qb        43  (        0 /        0 )  0.00
    seq_res_area        38  (        0 /        0 )  24.65
        io_phase         8  (        3 /        3 )  0.05
       gate_comp       165  (      133 /      134 )  2.68
       gcomp_mog       153  (      119 /      119 )  1.48
       glob_area        55  (       20 /       55 )  0.27
       area_down        43  (        9 /       13 )  0.98
      size_n_buf         0  (        0 /        0 )  0.06
  gate_deco_area         0  (        0 /        0 )  0.01
         rem_buf        11  (        0 /        0 )  0.05
         rem_inv         3  (        0 /        0 )  0.01
        merge_bi         2  (        0 /        0 )  0.03
      rem_inv_qb        43  (        0 /        0 )  0.00

 
Incremental optimization status
===============================
                                   Group   
                                  Tot Wrst     Total - - DRC Totals - -
                           Total  Weighted      Neg      Max       Max 
Operation                   Area   Slacks      Slack    Trans      Cap 
 init_delay                28339        0         0         0        0

           Trick     Calls     Accepts   Attempts    Time(secs) 
-----------------------------------------------------------
         crr_220         0  (        0 /        0 )  0.00
        crr_glob         0  (        0 /        0 )  0.00
         crr_200         0  (        0 /        0 )  0.00
        crr_glob         0  (        0 /        0 )  0.00
         crr_300         0  (        0 /        0 )  0.00
        crr_glob         0  (        0 /        0 )  0.00
         crr_400         0  (        0 /        0 )  0.00
        crr_glob         0  (        0 /        0 )  0.00
         crr_111         0  (        0 /        0 )  0.00
        crr_glob         0  (        0 /        0 )  0.00
         crr_210         0  (        0 /        0 )  0.00
        crr_glob         0  (        0 /        0 )  0.00
         crr_110         0  (        0 /        0 )  0.00
        crr_glob         0  (        0 /        0 )  0.00
         crr_101         0  (        0 /        0 )  0.00
        crr_glob         0  (        0 /        0 )  0.00
         crr_201         0  (        0 /        0 )  0.00
        crr_glob         0  (        0 /        0 )  0.00
         crr_211         0  (        0 /        0 )  0.00
        crr_glob         0  (        0 /        0 )  0.00
        crit_msz         0  (        0 /        0 )  0.00
       crit_upsz         0  (        0 /        0 )  0.00
       crit_slew         0  (        0 /        0 )  0.00
        setup_dn         0  (        0 /        0 )  0.00
    plc_bal_star         0  (        0 /        0 )  0.00
     drc_buftimb         0  (        0 /        0 )  0.00
          plc_st         0  (        0 /        0 )  0.00
    plc_st_fence         0  (        0 /        0 )  0.00
        plc_star         0  (        0 /        0 )  0.00
      plc_laf_st         0  (        0 /        0 )  0.00
 plc_laf_st_fence         0  (        0 /        0 )  0.00
     drc_buftims         0  (        0 /        0 )  0.00
       plc_lo_st         0  (        0 /        0 )  0.00
            fopt         0  (        0 /        0 )  0.00
       crit_swap         0  (        0 /        0 )  0.00
       mux2_swap         0  (        0 /        0 )  0.00
       crit_dnsz         0  (        0 /        0 )  0.00
       load_swap         0  (        0 /        0 )  0.00
            fopt         0  (        0 /        0 )  0.00
        setup_dn         0  (        0 /        0 )  0.00
       load_isol         0  (        0 /        0 )  0.00
       load_isol         0  (        0 /        0 )  0.00
        move_for         0  (        0 /        0 )  0.00
        move_for         0  (        0 /        0 )  0.00
          rem_bi         0  (        0 /        0 )  0.00
         offload         0  (        0 /        0 )  0.00
          rem_bi         0  (        0 /        0 )  0.00
         offload         0  (        0 /        0 )  0.00
       merge_bit         0  (        0 /        0 )  0.00
     merge_idrvr         0  (        0 /        0 )  0.00
     merge_iload         0  (        0 /        0 )  0.00
    merge_idload         0  (        0 /        0 )  0.00
      merge_drvr         0  (        0 /        0 )  0.00
      merge_load         0  (        0 /        0 )  0.00
           phase         0  (        0 /        0 )  0.00
          decomp         0  (        0 /        0 )  0.00
        p_decomp         0  (        0 /        0 )  0.00
        levelize         0  (        0 /        0 )  0.00
        mb_split         0  (        0 /        0 )  0.00
        in_phase         0  (        0 /        0 )  0.00
             dup         0  (        0 /        0 )  0.00
      mux_retime         0  (        0 /        0 )  0.00
         buf2inv         0  (        0 /        0 )  0.00
             exp         0  (        0 /        0 )  0.00
       gate_deco         0  (        0 /        0 )  0.00
       gcomp_tim         0  (        0 /        0 )  0.00
  inv_pair_2_buf         0  (        0 /        0 )  0.00
 init_drc                  28339        0         0         0        0

           Trick     Calls     Accepts   Attempts    Time(secs) 
-----------------------------------------------------------
          plc_st         0  (        0 /        0 )  0.00
        plc_star         0  (        0 /        0 )  0.00
        drc_bufs         0  (        0 /        0 )  0.00
        drc_fopt         0  (        0 /        0 )  0.00
        drc_bufb         0  (        0 /        0 )  0.00
      simple_buf         0  (        0 /        0 )  0.00
             dup         0  (        0 /        0 )  0.00
       crit_dnsz         0  (        0 /        0 )  0.00
       crit_upsz         0  (        0 /        0 )  0.00
       crit_slew         0  (        0 /        0 )  0.00


           Trick     Calls     Accepts   Attempts    Time(secs) 
-----------------------------------------------------------
          plc_st         0  (        0 /        0 )  0.00
        plc_star         0  (        0 /        0 )  0.00
        drc_bufs         0  (        0 /        0 )  0.00
        drc_fopt         0  (        0 /        0 )  0.00
        drc_bufb         0  (        0 /        0 )  0.00
      simple_buf         0  (        0 /        0 )  0.00
             dup         0  (        0 /        0 )  0.00
       crit_dnsz         0  (        0 /        0 )  0.00
       crit_upsz         0  (        0 /        0 )  0.00


           Trick     Calls     Accepts   Attempts    Time(secs) 
-----------------------------------------------------------
          plc_st         0  (        0 /        0 )  0.00
        plc_star         0  (        0 /        0 )  0.00
        drc_bufs         0  (        0 /        0 )  0.00
        drc_fopt         0  (        0 /        0 )  0.00
        drc_bufb         0  (        0 /        0 )  0.00
             dup         0  (        0 /        0 )  0.00
       crit_dnsz         0  (        0 /        0 )  0.00
       crit_upsz         0  (        0 /        0 )  0.00

 init_tns                  28339        0         0         0        0

           Trick     Calls     Accepts   Attempts    Time(secs) 
-----------------------------------------------------------
            fopt         0  (        0 /        0 )  0.00
    plc_bal_star         0  (        0 /        0 )  0.00
     drc_buftimb         0  (        0 /        0 )  0.00
     drc_buftims         0  (        0 /        0 )  0.00
        crit_msz         0  (        0 /        0 )  0.00
       crit_upsz         0  (        0 /        0 )  0.00
   plc_laf_lo_st         0  (        0 /        0 )  0.00
       plc_lo_st         0  (        0 /        0 )  0.00
       crit_swap         0  (        0 /        0 )  0.00
       mux2_swap         0  (        0 /        0 )  0.00
       crit_dnsz         0  (        0 /        0 )  0.00
       load_swap         0  (        0 /        0 )  0.00
            fopt         0  (        0 /        0 )  0.00
        setup_dn         0  (        0 /        0 )  0.00
       load_isol         0  (        0 /        0 )  0.00
       load_isol         0  (        0 /        0 )  0.00
        move_for         0  (        0 /        0 )  0.00
        move_for         0  (        0 /        0 )  0.00
          rem_bi         0  (        0 /        0 )  0.00
         offload         0  (        0 /        0 )  0.00
          rem_bi         0  (        0 /        0 )  0.00
         offload         0  (        0 /        0 )  0.00
       merge_bit         0  (        0 /        0 )  0.00
     merge_idrvr         0  (        0 /        0 )  0.00
     merge_iload         0  (        0 /        0 )  0.00
    merge_idload         0  (        0 /        0 )  0.00
      merge_drvr         0  (        0 /        0 )  0.00
      merge_load         0  (        0 /        0 )  0.00
           phase         0  (        0 /        0 )  0.00
          decomp         0  (        0 /        0 )  0.00
        p_decomp         0  (        0 /        0 )  0.00
        levelize         0  (        0 /        0 )  0.00
        mb_split         0  (        0 /        0 )  0.00
             dup         0  (        0 /        0 )  0.00
      mux_retime         0  (        0 /        0 )  0.00
       crr_local         0  (        0 /        0 )  0.00
         buf2inv         0  (        0 /        0 )  0.00

 init_area                 28339        0         0         0        0
 gcomp_mog                 28336        0         0         0        0
 glob_area                 28336        0         0         0        0

           Trick     Calls     Accepts   Attempts    Time(secs) 
-----------------------------------------------------------
           undup         0  (        0 /        0 )  0.09
         rem_buf        11  (        0 /        0 )  0.05
         rem_inv         3  (        0 /        0 )  0.01
        merge_bi         2  (        0 /        0 )  0.03
      rem_inv_qb        43  (        0 /        0 )  0.00
        io_phase         5  (        0 /        0 )  0.03
       gate_comp        32  (        0 /        0 )  1.19
       gcomp_mog        35  (        1 /        1 )  0.67
       glob_area        46  (        2 /       46 )  0.22
       area_down        42  (        0 /        4 )  0.83
      size_n_buf         0  (        0 /        0 )  0.05
  gate_deco_area         0  (        0 /        0 )  0.00

 
Incremental optimization status
===============================
                                   Group   
                                  Tot Wrst     Total - - DRC Totals - -
                           Total  Weighted      Neg      Max       Max 
Operation                   Area   Slacks      Slack    Trans      Cap 
 init_delay                28336        0         0         0        0

           Trick     Calls     Accepts   Attempts    Time(secs) 
-----------------------------------------------------------
        crit_msz         0  (        0 /        0 )  0.00
       crit_upsz         0  (        0 /        0 )  0.00
       crit_slew         0  (        0 /        0 )  0.00
        setup_dn         0  (        0 /        0 )  0.00
    plc_bal_star         0  (        0 /        0 )  0.00
     drc_buftimb         0  (        0 /        0 )  0.00
          plc_st         0  (        0 /        0 )  0.00
    plc_st_fence         0  (        0 /        0 )  0.00
        plc_star         0  (        0 /        0 )  0.00
      plc_laf_st         0  (        0 /        0 )  0.00
 plc_laf_st_fence         0  (        0 /        0 )  0.00
     drc_buftims         0  (        0 /        0 )  0.00
   plc_laf_lo_st         0  (        0 /        0 )  0.00
       plc_lo_st         0  (        0 /        0 )  0.00
            fopt         0  (        0 /        0 )  0.00
       crit_swap         0  (        0 /        0 )  0.00
       mux2_swap         0  (        0 /        0 )  0.00
       crit_dnsz         0  (        0 /        0 )  0.00
       load_swap         0  (        0 /        0 )  0.00
            fopt         0  (        0 /        0 )  0.00
        setup_dn         0  (        0 /        0 )  0.00
       load_isol         0  (        0 /        0 )  0.00
       load_isol         0  (        0 /        0 )  0.00
        move_for         0  (        0 /        0 )  0.00
        move_for         0  (        0 /        0 )  0.00
          rem_bi         0  (        0 /        0 )  0.00
         offload         0  (        0 /        0 )  0.00
          rem_bi         0  (        0 /        0 )  0.00
         offload         0  (        0 /        0 )  0.00
           phase         0  (        0 /        0 )  0.00
        in_phase         0  (        0 /        0 )  0.00
       merge_bit         0  (        0 /        0 )  0.00
     merge_idrvr         0  (        0 /        0 )  0.00
     merge_iload         0  (        0 /        0 )  0.00
    merge_idload         0  (        0 /        0 )  0.00
      merge_drvr         0  (        0 /        0 )  0.00
      merge_load         0  (        0 /        0 )  0.00
          decomp         0  (        0 /        0 )  0.00
        p_decomp         0  (        0 /        0 )  0.00
        levelize         0  (        0 /        0 )  0.00
        mb_split         0  (        0 /        0 )  0.00
             dup         0  (        0 /        0 )  0.00
      mux_retime         0  (        0 /        0 )  0.00
         buf2inv         0  (        0 /        0 )  0.00
             exp         0  (        0 /        0 )  0.00
       gate_deco         0  (        0 /        0 )  0.00
       gcomp_tim         0  (        0 /        0 )  0.00
  inv_pair_2_buf         0  (        0 /        0 )  0.00

 init_drc                  28336        0         0         0        0

           Trick     Calls     Accepts   Attempts    Time(secs) 
-----------------------------------------------------------
          plc_st         0  (        0 /        0 )  0.00
        plc_star         0  (        0 /        0 )  0.00
        drc_bufs         0  (        0 /        0 )  0.00
        drc_fopt         0  (        0 /        0 )  0.00
        drc_bufb         0  (        0 /        0 )  0.00
      simple_buf         0  (        0 /        0 )  0.00
             dup         0  (        0 /        0 )  0.00
       crit_dnsz         0  (        0 /        0 )  0.00
       crit_upsz         0  (        0 /        0 )  0.00
       crit_slew         0  (        0 /        0 )  0.00


           Trick     Calls     Accepts   Attempts    Time(secs) 
-----------------------------------------------------------
          plc_st         0  (        0 /        0 )  0.00
        plc_star         0  (        0 /        0 )  0.00
        drc_bufs         0  (        0 /        0 )  0.00
        drc_fopt         0  (        0 /        0 )  0.00
        drc_bufb         0  (        0 /        0 )  0.00
      simple_buf         0  (        0 /        0 )  0.00
             dup         0  (        0 /        0 )  0.00
       crit_dnsz         0  (        0 /        0 )  0.00
       crit_upsz         0  (        0 /        0 )  0.00


           Trick     Calls     Accepts   Attempts    Time(secs) 
-----------------------------------------------------------
          plc_st         0  (        0 /        0 )  0.00
        plc_star         0  (        0 /        0 )  0.00
        drc_bufs         0  (        0 /        0 )  0.00
        drc_fopt         0  (        0 /        0 )  0.00
        drc_bufb         0  (        0 /        0 )  0.00
             dup         0  (        0 /        0 )  0.00
       crit_dnsz         0  (        0 /        0 )  0.00
       crit_upsz         0  (        0 /        0 )  0.00

==================================
Stage : incr_opt 
==================================
  =================
   Message Summary
  =================
------------------------------------------------------------------------------------------------------------------------------------------------------------------------------------------------------------------------------------------------------------------------
|   Id   |  Sev  |Count|                                                                                                                 Message Text                                                                                                                  |
------------------------------------------------------------------------------------------------------------------------------------------------------------------------------------------------------------------------------------------------------------------------
|CFM-1   |Info   |    1|Wrote dofile.                                                                                                                                                                                                                                  |
|CFM-5   |Info   |    1|Wrote formal verification information.                                                                                                                                                                                                         |
|GLO-51  |Info   |   11|Hierarchical instance automatically ungrouped.                                                                                                                                                                                                 |
|        |       |     |Hierarchical instances can be automatically ungrouped to allow for better area or timing optimization. To prevent this ungroup, set the root-level attribute 'auto_ungroup' to 'none'. You can also prevent individual ungroup with setting the|
|        |       |     | attribute 'ungroup_ok' of instances or modules to 'false'.                                                                                                                                                                                    |
|PA-7    |Info   |    4|Resetting power analysis results.                                                                                                                                                                                                              |
|        |       |     |All computed switching activities are removed.                                                                                                                                                                                                 |
|SYNTH-5 |Info   |    1|Done mapping.                                                                                                                                                                                                                                  |
|SYNTH-7 |Info   |    1|Incrementally optimizing.                                                                                                                                                                                                                      |
|SYNTH-33|Warning|    1|The selected flow setting will be removed in a future release.                                                                                                                                                                                 |
|        |       |     |Contact Cadence support to understand current flows.                                                                                                                                                                                           |
------------------------------------------------------------------------------------------------------------------------------------------------------------------------------------------------------------------------------------------------------------------------
Info    : Done incrementally optimizing. [SYNTH-8]
        : Done incrementally optimizing 'sha256'.
      flow.cputime  flow.realtime  timing.setup.tns  timing.setup.wns  snapshot
UM:*                                                                   syn_opt
@file(genus.tcl) 94: write_hdl > $DESIGN.netlist.v
#@ End verbose source ../scripts/genus.tcl
@genus:root: 3> report_clco
invalid command name "report_clco"
@genus:root: 4> report_clocks
============================================================
  Generated by:           Genus(TM) Synthesis Solution 25.12-s067_1
  Generated on:           Feb 20 2026  02:30:22 pm
  Module:                 sha256
  Technology libraries:   asap7sc7p5t_AO_LVT_TT_nldm_211120 1.0
                          asap7sc7p5t_INVBUF_LVT_TT_nldm_211120 1.0
                          asap7sc7p5t_OA_LVT_TT_nldm_211120 1.0
                          asap7sc7p5t_SEQ_LVT_TT_nldm_220123 1.0
                          asap7sc7p5t_SIMPLE_LVT_TT_nldm_211120 1.0
                          physical_cells 
  Operating conditions:   PVT_0P7V_25C 
  Interconnect mode:      global
  Area mode:              physical library
============================================================


 Clock Description
 ----------------- 

 Clock                           Clock    Source     No of   
 Name    Period  Rise   Fall     Domain  Pin/Port  Registers 
-------------------------------------------------------------
 clk     1000.0   0.0   500.0   domain_1   clk          1806 

 Clock Network Latency / Setup Uncertainty
 ----------------------------------------- 

        Network   Network   Source   Source     Setup        Setup    
Clock   Latency   Latency  Latency  Latency  Uncertainty  Uncertainty 
 Name    Rise      Fall      Rise     Fall       Rise         Fall    
----------------------------------------------------------------------
clk         0.0       0.0      0.0      0.0          0.0          0.0 

 Clock Relationship (with uncertainty & latency)
 ----------------------------------------------- 

  From    To    R->R     R->F    F->R    F->F  
-----------------------------------------------
  clk    clk   1000.0   500.0   500.0   1000.0 
@genus:root: 5> report_timing
============================================================
  Generated by:           Genus(TM) Synthesis Solution 25.12-s067_1
  Generated on:           Feb 20 2026  02:32:41 pm
  Module:                 sha256
  Operating conditions:   PVT_0P7V_25C 
  Interconnect mode:      global
  Area mode:              physical library
============================================================


Path 1: MET (0 ps) Setup Check with Pin core_e_reg_reg[31]/CLK->D
          Group: clk
     Startpoint: (R) core_t_ctr_reg_reg[5]/CLK
          Clock: (R) clk
       Endpoint: (R) core_e_reg_reg[31]/D
          Clock: (R) clk

                     Capture       Launch     
        Clock Edge:+    1000            0     
       Src Latency:+       0            0     
       Net Latency:+       0 (I)        0 (I) 
           Arrival:=    1000            0     
                                              
             Setup:-      23                  
     Required Time:=     977                  
      Launch Clock:-       0                  
         Data Path:-     977                  
             Slack:=       0                  

#---------------------------------------------------------------------------------------------------------------------------------
#              Timing Point                Flags    Arc    Edge          Cell            Fanout Load Trans Delay Arrival Instance 
#                                                                                               (fF)  (ps)  (ps)   (ps)  Location 
#---------------------------------------------------------------------------------------------------------------------------------
  core_t_ctr_reg_reg[5]/CLK                -       -       R     (arrival)                 1806    -     0     0       0    (-,-) 
  core_t_ctr_reg_reg[5]/QN                 -       CLK->QN F     DFFASRHQNx1_ASAP7_75t_L     21 13.7    91    85      85    (-,-) 
  core_g30127/Y                            -       A->Y    F     OR2x6_ASAP7_75t_L           37 24.5    34    51     136    (-,-) 
  core_g30124/Y                            -       A->Y    R     INVx1_ASAP7_75t_L            1  0.9    16    12     148    (-,-) 
  core_g30067/Y                            -       A->Y    R     AND3x1_ASAP7_75t_L           4  2.7    26    28     176    (-,-) 
  core_g29981/Y                            -       B->Y    R     AND2x2_ASAP7_75t_L          32 20.7    81    53     229    (-,-) 
  core_g29712/Y                            -       C1->Y   F     AOI222xp33_ASAP7_75t_L       1  0.8    45    32     261    (-,-) 
  core_g29653/Y                            -       A->Y    R     NAND3xp33_ASAP7_75t_L        1  0.9    23    18     279    (-,-) 
  core_g29636/Y                            -       B->Y    F     AOI21xp5_ASAP7_75t_L         1  0.8    23    12     290    (-,-) 
  core_g29619/Y                            -       A->Y    R     NAND5xp2_ASAP7_75t_L         1  0.9    27    16     306    (-,-) 
  core_g29587/Y                            -       B->Y    R     AO21x1_ASAP7_75t_L           2  2.0    20    20     326    (-,-) 
  core_WALLACE_CSA_DUMMY_OP_groupi_g3929/Y -       B->Y    R     XOR2xp5_ASAP7_75t_L          2  1.9    38    27     353    (-,-) 
  core_WALLACE_CSA_DUMMY_OP_groupi_g3853/Y -       A->Y    R     MAJx2_ASAP7_75t_L            2  2.0    14    26     379    (-,-) 
  core_WALLACE_CSA_DUMMY_OP_groupi_g3771/Y -       A->Y    F     MAJIxp5_ASAP7_75t_L          2  2.0    36    17     396    (-,-) 
  core_WALLACE_CSA_DUMMY_OP_groupi_g3769/Y -       A2->Y   F     AO21x1_ASAP7_75t_L           2  2.0    16    26     422    (-,-) 
  core_WALLACE_CSA_DUMMY_OP_groupi_g3765/Y -       A2->Y   F     AO21x1_ASAP7_75t_L           2  2.0    16    22     444    (-,-) 
  core_WALLACE_CSA_DUMMY_OP_groupi_g3763/Y -       A1->Y   R     AOI21xp5_ASAP7_75t_L         2  2.5    46    23     467    (-,-) 
  core_WALLACE_CSA_DUMMY_OP_groupi_g3761/Y -       A1->Y   F     OAI21x1_ASAP7_75t_L          2  2.0    20    13     480    (-,-) 
  core_WALLACE_CSA_DUMMY_OP_groupi_g3759/Y -       A1->Y   R     AOI21xp5_ASAP7_75t_L         2  2.0    39    21     501    (-,-) 
  core_WALLACE_CSA_DUMMY_OP_groupi_g3756/Y -       A2->Y   F     OAI21x1_ASAP7_75t_L          2  2.0    22    13     514    (-,-) 
  core_WALLACE_CSA_DUMMY_OP_groupi_g3751/Y -       A2->Y   F     AO21x2_ASAP7_75t_L           2  2.5    14    25     539    (-,-) 
  core_WALLACE_CSA_DUMMY_OP_groupi_g3749/Y -       A1->Y   R     AOI21x1_ASAP7_75t_L          3  3.2    37    17     556    (-,-) 
  core_WALLACE_CSA_DUMMY_OP_groupi_g3745/Y -       A2->Y   F     OAI21x1_ASAP7_75t_L          2  2.0    22    13     570    (-,-) 
  core_WALLACE_CSA_DUMMY_OP_groupi_g3740/Y -       A2->Y   F     AO21x1_ASAP7_75t_L           2  2.0    16    23     593    (-,-) 
  core_WALLACE_CSA_DUMMY_OP_groupi_g3737/Y -       A2->Y   F     AO21x2_ASAP7_75t_L           4  3.4    16    25     618    (-,-) 
  core_WALLACE_CSA_DUMMY_OP_groupi_g3736/Y -       A->Y    R     INVx1_ASAP7_75t_L            1  0.9    12     9     627    (-,-) 
  core_WALLACE_CSA_DUMMY_OP_groupi_g3734/Y -       A2->Y   F     OAI21xp5_ASAP7_75t_L         1  1.2    20    12     639    (-,-) 
  core_WALLACE_CSA_DUMMY_OP_groupi_g3729/Y -       A->Y    R     XOR2x2_ASAP7_75t_L           4  3.2    18    33     672    (-,-) 
  core_add_426_26_g2025/Y                  -       B->Y    F     NOR2xp33_ASAP7_75t_L         2  1.6    37    21     693    (-,-) 
  core_add_426_26_g1946/Y                  -       A2->Y   R     OAI21xp5_ASAP7_75t_L         2  1.6    34    24     717    (-,-) 
  core_add_426_26_g1936/Y                  -       A1->Y   F     AOI21xp5_ASAP7_75t_L         1  0.9    21    14     731    (-,-) 
  core_add_426_26_g1933/Y                  -       A1->Y   R     OAI21xp5_ASAP7_75t_L         1  1.5    35    18     750    (-,-) 
  core_add_426_26_g1903/Y                  -       B->Y    F     AOI21x1_ASAP7_75t_L          2  1.7    22    14     763    (-,-) 
  core_add_426_26_g1900/Y                  -       B->Y    R     NOR2xp33_ASAP7_75t_L         3  2.4    56    32     795    (-,-) 
  core_add_426_26_g1893/Y                  -       A2->Y   R     AO21x1_ASAP7_75t_L           2  1.8    18    24     819    (-,-) 
  core_add_426_26_g1888/Y                  -       B->Y    F     NAND2xp5_ASAP7_75t_L         2  1.5    21    14     833    (-,-) 
  g44001/Y                                 -       A2->Y   R     A2O1A1Ixp33_ASAP7_75t_L      2  2.5    48    27     860    (-,-) 
  core_add_426_26_g1878/Y                  -       A1->Y   F     AOI21x1_ASAP7_75t_L          2  2.0    25    17     877    (-,-) 
  core_add_426_26_g1875/Y                  -       A2->Y   F     OA21x2_ASAP7_75t_L           2  2.5    14    26     903    (-,-) 
  core_add_426_26_g1872/Y                  -       A1->Y   R     OAI21x1_ASAP7_75t_L          2  2.5    31    16     919    (-,-) 
  core_add_426_26_g1869/Y                  -       A1->Y   F     AOI21x1_ASAP7_75t_L          2  1.9    20    14     934    (-,-) 
  core_add_426_26_g1866/Y                  -       A2->Y   R     OAI21xp5_ASAP7_75t_L         1  1.2    28    17     951    (-,-) 
  core_add_426_26_g1865/Y                  -       B->Y    F     XNOR2xp5_ASAP7_75t_L         1  0.9    20    12     963    (-,-) 
  core_g41363/Y                            -       A1->Y   R     AOI21xp5_ASAP7_75t_L         1  0.9    46    14     977    (-,-) 
  core_e_reg_reg[31]/D                     <<<     -       R     DFFASRHQNx1_ASAP7_75t_L      1    -     -     0     977    (-,-) 
#---------------------------------------------------------------------------------------------------------------------------------

@genus:root: 6> report_area
============================================================
  Generated by:           Genus(TM) Synthesis Solution 25.12-s067_1
  Generated on:           Feb 20 2026  02:42:01 pm
  Module:                 sha256
  Operating conditions:   PVT_0P7V_25C 
  Interconnect mode:      global
  Area mode:              physical library
============================================================

Instance Module  Cell-Count  Cell-Area  Net-Area   Total-Area 
--------------------------------------------------------------
sha256   NA            8187  20756.555  7579.522    28336.077 
@genus:root: 7> 
@genus:root: 7> report_gates
ENABLED NEW REPORT GATE CMD
============================================================
  Generated by:           Genus(TM) Synthesis Solution 25.12-s067_1
  Generated on:           Feb 20 2026  02:51:44 pm
  Operating conditions:   PVT_0P7V_25C 
  Interconnect mode:      global
  Area mode:              physical library
============================================================

                                                                                     
           Gate            Instances    Area                  Library                
-------------------------------------------------------------------------------------
A2O1A1Ixp33_ASAP7_75t_L           35    48.989     asap7sc7p5t_AO_LVT_TT_nldm_211120 
A2O1A1O1Ixp25_ASAP7_75t_L          3     6.299     asap7sc7p5t_AO_LVT_TT_nldm_211120 
AND2x2_ASAP7_75t_L                69    96.578 asap7sc7p5t_SIMPLE_LVT_TT_nldm_211120 
AND2x4_ASAP7_75t_L                 2     4.666 asap7sc7p5t_SIMPLE_LVT_TT_nldm_211120 
AND2x6_ASAP7_75t_L                 1     2.799 asap7sc7p5t_SIMPLE_LVT_TT_nldm_211120 
AND3x1_ASAP7_75t_L                11    15.396 asap7sc7p5t_SIMPLE_LVT_TT_nldm_211120 
AND3x4_ASAP7_75t_L                 1     3.266 asap7sc7p5t_SIMPLE_LVT_TT_nldm_211120 
AND4x1_ASAP7_75t_L                46    75.116 asap7sc7p5t_SIMPLE_LVT_TT_nldm_211120 
AND5x1_ASAP7_75t_L                26    48.522 asap7sc7p5t_SIMPLE_LVT_TT_nldm_211120 
AO21x1_ASAP7_75t_L                40    55.987     asap7sc7p5t_AO_LVT_TT_nldm_211120 
AO21x2_ASAP7_75t_L                 6     9.798     asap7sc7p5t_AO_LVT_TT_nldm_211120 
AO221x1_ASAP7_75t_L               49   114.307     asap7sc7p5t_AO_LVT_TT_nldm_211120 
AO22x1_ASAP7_75t_L               217   455.596     asap7sc7p5t_AO_LVT_TT_nldm_211120 
AOI211xp5_ASAP7_75t_L            182   254.742     asap7sc7p5t_AO_LVT_TT_nldm_211120 
AOI21x1_ASAP7_75t_L                8    14.930     asap7sc7p5t_AO_LVT_TT_nldm_211120 
AOI21xp33_ASAP7_75t_L             42    48.989     asap7sc7p5t_AO_LVT_TT_nldm_211120 
AOI21xp5_ASAP7_75t_L              67    78.149     asap7sc7p5t_AO_LVT_TT_nldm_211120 
AOI221xp5_ASAP7_75t_L            226   369.049     asap7sc7p5t_AO_LVT_TT_nldm_211120 
AOI222xp33_ASAP7_75t_L           618  1441.670     asap7sc7p5t_AO_LVT_TT_nldm_211120 
AOI22xp33_ASAP7_75t_L           1321  1848.977     asap7sc7p5t_AO_LVT_TT_nldm_211120 
AOI22xp5_ASAP7_75t_L              34    47.589     asap7sc7p5t_AO_LVT_TT_nldm_211120 
AOI311xp33_ASAP7_75t_L             4     6.532     asap7sc7p5t_AO_LVT_TT_nldm_211120 
AOI31xp33_ASAP7_75t_L              6     8.398     asap7sc7p5t_AO_LVT_TT_nldm_211120 
AOI321xp33_ASAP7_75t_L             5     9.331     asap7sc7p5t_AO_LVT_TT_nldm_211120 
AOI322xp5_ASAP7_75t_L              5    10.498     asap7sc7p5t_AO_LVT_TT_nldm_211120 
AOI32xp33_ASAP7_75t_L              3     4.899     asap7sc7p5t_AO_LVT_TT_nldm_211120 
AOI332xp33_ASAP7_75t_L             1     2.333     asap7sc7p5t_AO_LVT_TT_nldm_211120 
BUFx2_ASAP7_75t_L                  4     4.666 asap7sc7p5t_INVBUF_LVT_TT_nldm_211120 
BUFx3_ASAP7_75t_L                  2     2.799 asap7sc7p5t_INVBUF_LVT_TT_nldm_211120 
BUFx4f_ASAP7_75t_L                 3     5.599 asap7sc7p5t_INVBUF_LVT_TT_nldm_211120 
BUFx6f_ASAP7_75t_L                 2     4.666 asap7sc7p5t_INVBUF_LVT_TT_nldm_211120 
DFFASRHQNx1_ASAP7_75t_L         1806 10953.896    asap7sc7p5t_SEQ_LVT_TT_nldm_220123 
FAx1_ASAP7_75t_L                 140   457.229 asap7sc7p5t_SIMPLE_LVT_TT_nldm_211120 
HAxp5_ASAP7_75t_L                 50   104.976 asap7sc7p5t_SIMPLE_LVT_TT_nldm_211120 
INVx1_ASAP7_75t_L                453   317.028 asap7sc7p5t_INVBUF_LVT_TT_nldm_211120 
INVx2_ASAP7_75t_L                  2     1.866 asap7sc7p5t_INVBUF_LVT_TT_nldm_211120 
INVx3_ASAP7_75t_L                  2     2.333 asap7sc7p5t_INVBUF_LVT_TT_nldm_211120 
INVx4_ASAP7_75t_L                  1     1.400 asap7sc7p5t_INVBUF_LVT_TT_nldm_211120 
INVxp33_ASAP7_75t_L               86    60.186 asap7sc7p5t_INVBUF_LVT_TT_nldm_211120 
MAJIxp5_ASAP7_75t_L              160   261.274 asap7sc7p5t_SIMPLE_LVT_TT_nldm_211120 
MAJx2_ASAP7_75t_L                 49   102.876 asap7sc7p5t_SIMPLE_LVT_TT_nldm_211120 
NAND2xp33_ASAP7_75t_L            513   478.691 asap7sc7p5t_SIMPLE_LVT_TT_nldm_211120 
NAND2xp5_ASAP7_75t_L             151   140.901 asap7sc7p5t_SIMPLE_LVT_TT_nldm_211120 
NAND3xp33_ASAP7_75t_L             31    36.158 asap7sc7p5t_SIMPLE_LVT_TT_nldm_211120 
NAND4xp25_ASAP7_75t_L             39    54.588 asap7sc7p5t_SIMPLE_LVT_TT_nldm_211120 
NAND5xp2_ASAP7_75t_L              38    62.052 asap7sc7p5t_SIMPLE_LVT_TT_nldm_211120 
NOR2x1_ASAP7_75t_L                38    53.188 asap7sc7p5t_SIMPLE_LVT_TT_nldm_211120 
NOR2x2_ASAP7_75t_L                 3     6.998 asap7sc7p5t_SIMPLE_LVT_TT_nldm_211120 
NOR2xp33_ASAP7_75t_L             401   374.181 asap7sc7p5t_SIMPLE_LVT_TT_nldm_211120 
NOR3xp33_ASAP7_75t_L              19    22.162 asap7sc7p5t_SIMPLE_LVT_TT_nldm_211120 
NOR4xp25_ASAP7_75t_L              13    18.196 asap7sc7p5t_SIMPLE_LVT_TT_nldm_211120 
NOR5xp2_ASAP7_75t_L                1     1.633 asap7sc7p5t_SIMPLE_LVT_TT_nldm_211120 
O2A1O1Ixp33_ASAP7_75t_L            8    11.197     asap7sc7p5t_OA_LVT_TT_nldm_211120 
OA211x2_ASAP7_75t_L                2     3.732     asap7sc7p5t_OA_LVT_TT_nldm_211120 
OA21x2_ASAP7_75t_L                21    34.292     asap7sc7p5t_OA_LVT_TT_nldm_211120 
OA331x1_ASAP7_75t_L                1     2.333     asap7sc7p5t_OA_LVT_TT_nldm_211120 
OA332x1_ASAP7_75t_L                1     2.566     asap7sc7p5t_OA_LVT_TT_nldm_211120 
OAI211xp5_ASAP7_75t_L              8    11.197     asap7sc7p5t_OA_LVT_TT_nldm_211120 
OAI21x1_ASAP7_75t_L                9    16.796     asap7sc7p5t_OA_LVT_TT_nldm_211120 
OAI21xp33_ASAP7_75t_L            168   195.955     asap7sc7p5t_OA_LVT_TT_nldm_211120 
OAI21xp5_ASAP7_75t_L              37    43.157     asap7sc7p5t_OA_LVT_TT_nldm_211120 
OAI221xp5_ASAP7_75t_L              1     1.633     asap7sc7p5t_OA_LVT_TT_nldm_211120 
OAI22xp5_ASAP7_75t_L               1     1.400     asap7sc7p5t_OA_LVT_TT_nldm_211120 
OAI311xp33_ASAP7_75t_L             3     4.899     asap7sc7p5t_OA_LVT_TT_nldm_211120 
OAI31xp33_ASAP7_75t_L              3     4.199     asap7sc7p5t_OA_LVT_TT_nldm_211120 
OAI321xp33_ASAP7_75t_L            24    44.790     asap7sc7p5t_OA_LVT_TT_nldm_211120 
OAI322xp33_ASAP7_75t_L             1     2.100     asap7sc7p5t_OA_LVT_TT_nldm_211120 
OR2x2_ASAP7_75t_L                 72   100.777 asap7sc7p5t_SIMPLE_LVT_TT_nldm_211120 
OR2x6_ASAP7_75t_L                  1     2.799 asap7sc7p5t_SIMPLE_LVT_TT_nldm_211120 
OR3x1_ASAP7_75t_L                  2     2.799 asap7sc7p5t_SIMPLE_LVT_TT_nldm_211120 
OR4x1_ASAP7_75t_L                  8    13.064 asap7sc7p5t_SIMPLE_LVT_TT_nldm_211120 
OR5x1_ASAP7_75t_L                  2     3.732 asap7sc7p5t_SIMPLE_LVT_TT_nldm_211120 
XNOR2x2_ASAP7_75t_L                2     5.132 asap7sc7p5t_SIMPLE_LVT_TT_nldm_211120 
XNOR2xp5_ASAP7_75t_L             549  1152.636 asap7sc7p5t_SIMPLE_LVT_TT_nldm_211120 
XOR2x2_ASAP7_75t_L                 8    20.529 asap7sc7p5t_SIMPLE_LVT_TT_nldm_211120 
XOR2xp5_ASAP7_75t_L              220   461.894 asap7sc7p5t_SIMPLE_LVT_TT_nldm_211120 
-------------------------------------------------------------------------------------
total                           8187 20756.555                                       



                                                                      
               Library                Instances    Area   Instances % 
----------------------------------------------------------------------
asap7sc7p5t_AO_LVT_TT_nldm_211120          2872  4837.061        35.1 
asap7sc7p5t_INVBUF_LVT_TT_nldm_211120       555   400.542         6.8 
asap7sc7p5t_OA_LVT_TT_nldm_211120           288   380.246         3.5 
asap7sc7p5t_SEQ_LVT_TT_nldm_220123         1806 10953.896        22.1 
asap7sc7p5t_SIMPLE_LVT_TT_nldm_211120      2666  4184.810        32.6 


                                          
     Type      Instances    Area   Area % 
------------------------------------------
sequential          1806 10953.896   52.8 
inverter             544   382.812    1.8 
buffer                11    17.729    0.1 
logic               5826  9402.117   45.3 
physical_cells         0     0.000    0.0 
------------------------------------------
total               8187 20756.555  100.0 

@genus:root: 8> exit

Lic Summary:
[00:11:21.183088] Cdslmd servers: ece-cadence-lic
[00:11:21.707401] Feature usage summary:
[00:11:21.707402] Genus_Synthesis  
Normal exit.